,Unnamed: 0.33,Unnamed: 0.32,Unnamed: 0.31,Unnamed: 0.36,Unnamed: 0.35,Unnamed: 0.30,Unnamed: 0.29,Unnamed: 0.28,Unnamed: 0.27,Unnamed: 0.26,Unnamed: 0.25,Unnamed: 0.24,Unnamed: 0.23,Unnamed: 0.22,Unnamed: 0.21,Unnamed: 0.20,Unnamed: 0.19,Unnamed: 0.18,Unnamed: 0.17,Unnamed: 0.16,Unnamed: 0.15,Unnamed: 0.14,Unnamed: 0.13,Unnamed: 0.12,Unnamed: 0.11,Unnamed: 0.10,Unnamed: 0.9,Unnamed: 0.8,Unnamed: 0.7,Unnamed: 0.6,Unnamed: 0.5,Unnamed: 0.4,Unnamed: 0.3,Unnamed: 0.2,Unnamed: 0.1,Unnamed: 0,Sources/Attributes,label,score,count,Woody,Fruity,Floral,Oriental,Elevating,Young,Soothing,Dark,Boring,Interesting,Quiet,Hard,Flat,Dull,Serious,Empty,Passive,Cheerful,Discordant,Harmonious,Severe,Mild,Peaceful,Mimosa Absolute,Leather,Cinnamon Oil,Tobacco,Nitro Musk,extremely strong,Smoke,Almonds,Fish,Incense,Industrial,Green,Medicinal,Sweet pungent
1,1,1,1,1,5,61,5,62,6,63,6,65,6,67,5,6,1,2,3,4,1,4,6,7,4,8,4,11,6,17,4,26,85,312,101,339,http://data.odeuropa.eu/vocabulary/olfactory-objects/56,Dragon,105.0,13.0,0.0,0.0,0.0,0.0,0.0,0.0,0.0,0.0,0.0,0.0,0.0,0.0,0.0,0.0,0.0,0.0,0.0,0.0,0.0,0.0,0.0,0.0,0.0,0.0,0.0,0.0,0.0,0.0,0.0,0.0,0.0,0.0,0.0,0.0,0.0,0.0,0.0
0,0,0,0,0,0,0,0,0,0,0,0,0,0,0,0,0,0,0,0,0,0,0,0,0,0,0,0,0,0,0,0,0,0,1,2,179,http://data.odeuropa.eu/vocabulary/olfactory-objects/490,Ant,99.0,23.0,0.0,0.0,0.0,0.0,0.0,0.0,0.0,0.0,0.0,0.0,0.0,0.0,0.0,0.0,0.0,0.0,0.0,0.0,0.0,0.0,0.0,0.0,0.0,0.0,0.0,0.0,0.0,0.0,0.0,0.0,0.0,0.0,0.0,0.0,0.0,0.0,0.0
52,12,63,20,62,2,64,2,56,12,54,15,55,16,56,16,59,18,61,18,62,19,63,21,65,22,68,23,79,40,77,79,159,44,160,50,208,http://data.odeuropa.eu/vocabulary/olfactory-objects/208,Coumarin,99.0,2.0,0.0,0.0,0.0,0.0,0.0,0.0,0.0,0.0,0.0,0.0,0.0,0.0,0.0,0.0,0.0,0.0,0.0,0.0,0.0,0.0,0.0,0.0,0.0,0.0,0.0,0.0,0.0,0.0,0.0,0.0,0.0,0.0,0.0,0.0,0.0,0.0,0.0
61,3,61,3,61,3,63,3,64,4,65,4,67,2,3,4,1,2,3,4,5,3,5,9,1,6,10,2,1,9,13,11,58,140,92,309,175,http://data.odeuropa.eu/vocabulary/olfactory-objects/53,Diaper,99.0,11.0,0.0,0.0,0.0,0.0,0.0,0.0,0.0,0.0,0.0,0.0,0.0,0.0,0.0,0.0,0.0,0.0,0.0,0.0,0.0,0.0,0.0,0.0,0.0,0.0,0.0,0.0,0.0,0.0,0.0,0.0,0.0,0.0,0.0,0.0,0.0,0.0,0.0
60,4,60,4,60,4,62,4,63,5,64,5,66,5,59,45,74,39,85,48,51,53,97,40,93,40,99,37,96,62,115,73,152,51,170,48,231,http://data.odeuropa.eu/vocabulary/olfactory-objects/384,Passion flower,99.0,12.0,0.0,0.0,0.0,0.0,0.0,0.0,0.0,0.0,0.0,0.0,0.0,0.0,0.0,0.0,0.0,0.0,0.0,0.0,0.0,0.0,0.0,0.0,0.0,0.0,0.0,0.0,0.0,0.0,0.0,0.0,0.0,0.0,0.0,0.0,0.0,0.0,0.0
59,5,59,5,59,6,60,6,61,7,62,7,64,7,66,6,60,48,50,59,21,75,28,56,52,83,34,82,18,85,35,91,30,92,239,135,351,http://data.odeuropa.eu/vocabulary/olfactory-objects/398,Vetiver,99.0,7.0,0.0,0.0,0.0,0.0,0.0,0.0,0.0,0.0,0.0,0.0,0.0,0.0,0.0,0.0,0.0,0.0,0.0,0.0,0.0,0.0,0.0,0.0,0.0,0.0,0.0,0.0,0.0,0.0,0.0,0.0,0.0,0.0,0.0,0.0,0.0,0.0,0.0
58,6,58,6,58,7,59,7,60,8,61,8,63,8,65,7,68,9,65,14,71,8,65,52,80,32,79,5,10,7,16,10,36,122,46,171,315,http://data.odeuropa.eu/vocabulary/olfactory-objects/284,Rhubarb,99.0,26.0,0.0,0.0,0.0,0.0,0.0,0.0,0.0,0.0,0.0,0.0,0.0,0.0,0.0,0.0,0.0,0.0,0.0,0.0,0.0,0.0,0.0,0.0,0.0,0.0,0.0,0.0,0.0,0.0,0.0,0.0,0.0,0.0,0.0,0.0,0.0,0.0,0.0
57,7,57,7,57,8,57,9,58,10,59,10,61,10,63,9,66,11,71,8,65,15,67,17,74,12,78,7,12,5,18,5,64,133,42,167,319,http://data.odeuropa.eu/vocabulary/olfactory-objects/357,Fir needle,99.0,4.0,0.0,0.0,0.0,0.0,0.0,0.0,0.0,0.0,0.0,0.0,0.0,0.0,0.0,0.0,0.0,0.0,0.0,0.0,0.0,0.0,0.0,0.0,0.0,0.0,0.0,0.0,0.0,0.0,0.0,0.0,0.0,0.0,0.0,0.0,0.0,0.0,0.0
56,8,56,8,56,9,55,42,45,44,46,44,72,43,73,27,71,27,72,7,68,11,71,13,70,16,74,16,86,12,8,18,47,164,7,217,84,http://data.odeuropa.eu/vocabulary/olfactory-objects/472,Bracelet,99.0,9.0,0.0,0.0,0.0,0.0,0.0,0.0,0.0,0.0,0.0,0.0,0.0,0.0,0.0,0.0,0.0,0.0,0.0,0.0,0.0,0.0,0.0,0.0,0.0,0.0,0.0,0.0,0.0,0.0,0.0,0.0,0.0,0.0,0.0,0.0,0.0,0.0,0.0
55,9,55,9,55,10,51,15,51,17,51,18,52,19,53,19,55,22,56,23,56,25,57,27,58,29,60,31,89,2,1,12,56,142,39,202,52,http://data.odeuropa.eu/vocabulary/olfactory-objects/316,Cress,99.0,4.0,0.0,0.0,0.0,0.0,0.0,0.0,0.0,0.0,0.0,0.0,0.0,0.0,0.0,0.0,0.0,0.0,0.0,0.0,0.0,0.0,0.0,0.0,0.0,0.0,0.0,0.0,0.0,0.0,0.0,0.0,0.0,0.0,0.0,0.0,0.0,0.0,0.0
53,40,66,31,75,36,72,38,72,40,73,41,75,41,75,42,77,45,79,46,81,46,84,48,84,51,86,53,100,57,121,66,200,111,259,154,286,http://data.odeuropa.eu/vocabulary/olfactory-objects/385,Passion fruit,99.0,1.0,0.0,0.0,0.0,0.0,0.0,0.0,0.0,0.0,0.0,0.0,0.0,0.0,0.0,0.0,0.0,0.0,0.0,0.0,0.0,0.0,0.0,0.0,0.0,0.0,0.0,0.0,0.0,0.0,0.0,0.0,0.0,0.0,0.0,0.0,0.0,0.0,0.0
51,13,50,14,49,16,46,20,46,23,69,24,70,25,71,36,83,42,82,43,84,43,87,44,89,45,92,46,107,48,131,55,180,25,225,32,271,http://data.odeuropa.eu/vocabulary/olfactory-objects/183,Stew,99.0,26.0,0.0,0.0,0.0,0.0,0.0,0.0,0.0,0.0,0.0,0.0,0.0,0.0,0.0,0.0,0.0,0.0,0.0,0.0,0.0,0.0,0.0,0.0,0.0,0.0,0.0,0.0,0.0,0.0,0.0,0.0,0.0,0.0,0.0,0.0,0.0,0.0,0.0
63,20,62,2,52,13,49,17,49,19,49,20,50,21,51,21,53,25,53,26,53,51,79,42,91,48,89,50,103,53,125,68,170,74,287,87,216,http://data.odeuropa.eu/vocabulary/olfactory-objects/548,Incense ship,99.0,2.0,0.0,0.0,0.0,0.0,0.0,0.0,0.0,0.0,0.0,0.0,0.0,0.0,0.0,0.0,0.0,0.0,0.0,0.0,0.0,0.0,0.0,0.0,0.0,0.0,0.0,0.0,0.0,0.0,0.0,0.0,0.0,0.0,0.0,0.0,0.0,0.0,0.0
50,14,49,15,48,17,67,23,44,55,14,67,4,58,45,48,57,20,73,27,74,27,55,19,67,18,72,18,84,20,96,33,1,107,255,136,350,http://data.odeuropa.eu/vocabulary/olfactory-objects/337,Liqueur,99.0,55.0,0.0,0.0,0.0,0.0,0.0,0.0,0.0,0.0,0.0,0.0,0.0,0.0,0.0,0.0,0.0,0.0,0.0,0.0,0.0,0.0,0.0,0.0,0.0,0.0,0.0,0.0,0.0,0.0,0.0,0.0,0.0,0.0,0.0,0.0,0.0,0.0,0.0
49,15,48,16,47,18,54,12,66,22,66,3,58,44,72,44,75,47,77,30,77,40,90,41,92,41,98,36,88,3,20,7,62,135,27,241,14,http://data.odeuropa.eu/vocabulary/olfactory-objects/434,Henbane,99.0,16.0,0.0,0.0,0.0,0.0,0.0,0.0,0.0,0.0,0.0,0.0,0.0,0.0,0.0,0.0,0.0,0.0,0.0,0.0,0.0,0.0,0.0,0.0,0.0,0.0,0.0,0.0,0.0,0.0,0.0,0.0,0.0,0.0,0.0,0.0,0.0,0.0,0.0
48,16,47,17,46,19,22,67,23,45,55,14,69,13,60,12,63,14,70,9,66,14,68,16,73,13,77,8,7,11,15,2,50,168,49,168,318,http://data.odeuropa.eu/vocabulary/olfactory-objects/507,Salad,99.0,11.0,0.0,0.0,0.0,0.0,0.0,0.0,0.0,0.0,0.0,0.0,0.0,0.0,0.0,0.0,0.0,0.0,0.0,0.0,0.0,0.0,0.0,0.0,0.0,0.0,0.0,0.0,0.0,0.0,0.0,0.0,0.0,0.0,0.0,0.0,0.0,0.0,0.0
47,17,46,18,45,20,56,10,57,11,58,11,60,11,62,10,65,12,68,11,72,7,74,10,71,15,75,15,87,10,12,16,52,147,33,232,45,http://data.odeuropa.eu/vocabulary/olfactory-objects/438,Petunia,99.0,81.0,0.0,0.0,0.0,0.0,0.0,0.0,0.0,0.0,0.0,0.0,0.0,0.0,0.0,0.0,0.0,0.0,0.0,0.0,0.0,0.0,0.0,0.0,0.0,0.0,0.0,0.0,0.0,0.0,0.0,0.0,0.0,0.0,0.0,0.0,0.0,0.0,0.0
46,18,45,19,44,12,50,16,50,18,50,19,51,20,52,20,54,24,54,25,54,28,75,8,9,2,1,9,6,14,5,21,19,84,311,102,338,http://data.odeuropa.eu/vocabulary/olfactory-objects/354,Rapeseed,99.0,4.0,0.0,0.0,0.0,0.0,0.0,0.0,0.0,0.0,0.0,0.0,0.0,0.0,0.0,0.0,0.0,0.0,0.0,0.0,0.0,0.0,0.0,0.0,0.0,0.0,0.0,0.0,0.0,0.0,0.0,0.0,0.0,0.0,0.0,0.0,0.0,0.0,0.0
45,19,44,11,51,14,48,18,48,20,48,21,49,22,50,22,52,26,52,49,78,49,81,51,81,43,94,48,105,55,123,64,198,113,262,151,289,http://data.odeuropa.eu/vocabulary/olfactory-objects/528,Quince,99.0,39.0,0.0,0.0,0.0,0.0,0.0,0.0,0.0,0.0,0.0,0.0,0.0,0.0,0.0,0.0,0.0,0.0,0.0,0.0,0.0,0.0,1.0,0.0,0.0,0.0,0.0,0.0,0.0,0.0,0.0,0.0,0.0,0.0,0.0,0.0,0.0,0.0,0.0
44,11,51,13,50,15,47,19,47,21,47,23,68,23,49,23,51,28,76,40,87,48,82,50,54,56,66,25,76,29,92,37,127,203,307,106,334,http://data.odeuropa.eu/vocabulary/olfactory-objects/187,Pie,99.0,13.0,0.0,0.0,0.0,0.0,0.0,0.0,0.0,0.0,0.0,0.0,0.0,0.0,0.0,0.0,0.0,0.0,0.0,0.0,0.0,0.0,0.0,0.0,0.0,0.0,0.0,0.0,0.0,0.0,0.0,0.0,0.0,0.0,0.0,0.0,0.0,0.0,0.0
62,2,52,12,63,21,52,14,52,16,52,17,53,18,54,18,70,7,67,12,69,10,72,12,69,17,73,17,85,19,101,76,156,55,178,59,198,http://data.odeuropa.eu/vocabulary/olfactory-objects/129,Posy holder,99.0,3.0,0.0,0.0,0.0,0.0,0.0,0.0,0.0,0.0,0.0,0.0,0.0,0.0,0.0,0.0,0.0,0.0,0.0,0.0,0.0,0.0,0.0,0.0,0.0,0.0,0.0,0.0,0.0,0.0,0.0,0.0,0.0,0.0,0.0,0.0,0.0,0.0,0.0
64,10,53,40,66,32,73,41,69,34,78,35,80,39,77,39,80,30,86,39,88,32,98,33,79,19,71,19,83,21,93,36,105,15,208,38,232,http://data.odeuropa.eu/vocabulary/olfactory-objects/46,Cloud,99.0,67.0,0.0,0.0,0.0,0.0,0.0,0.0,0.0,0.0,0.0,0.0,0.0,0.0,0.0,0.0,0.0,0.0,0.0,0.0,0.0,0.0,0.0,0.0,0.0,0.0,0.0,0.0,0.0,0.0,0.0,0.0,0.0,0.0,0.0,0.0,0.0,0.0,0.0
42,54,21,64,10,55,9,58,8,61,8,61,10,61,11,62,13,65,13,70,10,71,11,73,13,75,14,76,24,88,32,94,33,95,242,132,354,http://data.odeuropa.eu/vocabulary/olfactory-objects/33,Chemical Substance,99.0,10.0,0.0,0.0,0.0,0.0,0.0,0.0,0.0,0.0,0.0,0.0,0.0,0.0,0.0,0.0,0.0,0.0,0.0,0.0,0.0,0.0,0.0,0.0,0.0,0.0,0.0,0.0,0.0,0.0,0.0,0.0,0.0,0.0,0.0,0.0,0.0,0.0,0.0
65,22,42,54,21,65,43,55,42,71,42,71,35,79,37,79,39,74,28,77,39,89,51,79,32,84,53,89,25,81,41,85,167,69,280,94,277,http://data.odeuropa.eu/vocabulary/olfactory-objects/251,Incense bowl,99.0,10.0,0.0,0.0,0.0,0.0,0.0,0.0,0.0,0.0,0.0,0.0,0.0,0.0,0.0,0.0,0.0,0.0,0.0,0.0,0.0,0.0,0.0,0.0,0.0,0.0,0.0,0.0,0.0,0.0,0.0,0.0,0.0,0.0,0.0,0.0,0.0,0.0,0.0
82,25,81,30,76,30,10,57,9,60,9,60,11,60,12,61,14,64,14,71,9,72,10,65,21,67,22,69,32,74,34,92,31,93,240,134,352,http://data.odeuropa.eu/vocabulary/olfactory-objects/69,Flacon,99.0,7.0,0.0,0.0,0.0,0.0,0.0,0.0,0.0,0.0,0.0,0.0,0.0,0.0,0.0,0.0,0.0,0.0,0.0,0.0,0.0,0.0,0.0,0.0,0.0,0.0,0.0,0.0,0.0,0.0,0.0,0.0,0.0,0.0,0.0,0.0,0.0,0.0,0.0
81,30,76,29,77,25,80,29,82,27,86,28,88,28,88,29,91,37,88,36,91,31,89,47,85,50,87,52,101,56,122,65,199,112,260,153,287,http://data.odeuropa.eu/vocabulary/olfactory-objects/272,Cork,99.0,12.0,0.0,0.0,0.0,0.0,0.0,0.0,0.0,0.0,0.0,0.0,0.0,0.0,0.0,0.0,0.0,0.0,0.0,0.0,0.0,0.0,0.0,0.0,0.0,0.0,0.0,0.0,0.0,0.0,0.0,0.0,0.0,0.0,0.0,0.0,0.0,0.0,0.0
80,26,80,26,80,27,81,28,83,28,85,29,87,27,47,46,48,51,49,52,50,52,54,53,55,97,38,107,43,119,52,145,70,101,249,125,361,http://data.odeuropa.eu/vocabulary/olfactory-objects/204,Tolu balm,99.0,1.0,0.0,0.0,0.0,0.0,0.0,0.0,0.0,0.0,0.0,0.0,0.0,0.0,0.0,0.0,0.0,0.0,0.0,0.0,0.0,0.0,0.0,0.0,0.0,0.0,0.0,0.0,0.0,0.0,0.0,0.0,0.0,0.0,0.0,0.0,0.0,0.0,0.0
79,27,79,27,79,28,69,24,68,24,68,13,57,14,55,17,58,19,60,19,61,20,62,22,64,23,67,24,69,37,82,47,126,204,308,105,335,http://data.odeuropa.eu/vocabulary/olfactory-objects/402,Nitre plant,99.0,2.0,0.0,0.0,0.0,0.0,0.0,0.0,0.0,0.0,0.0,0.0,0.0,0.0,0.0,0.0,0.0,0.0,0.0,0.0,0.0,0.0,0.0,0.0,0.0,0.0,0.0,0.0,0.0,0.0,0.0,0.0,0.0,0.0,0.0,0.0,0.0,0.0,0.0
78,28,78,28,78,29,83,26,85,30,83,26,81,34,82,33,87,35,90,34,93,35,95,35,99,42,95,42,111,44,113,52,173,43,158,157,283,http://data.odeuropa.eu/vocabulary/olfactory-objects/264,Golden altar of incense,99.0,33.0,0.0,0.0,0.0,0.0,0.0,0.0,0.0,0.0,0.0,0.0,0.0,0.0,0.0,0.0,0.0,0.0,0.0,0.0,0.0,0.0,0.0,0.0,0.0,0.0,0.0,0.0,0.0,0.0,0.0,0.0,0.0,0.0,0.0,0.0,0.0,0.0,0.0
77,24,82,25,81,31,84,32,78,33,80,33,83,32,84,31,89,33,92,32,95,33,1,5,6,10,2,13,2,18,2,1,67,128,44,173,313,http://data.odeuropa.eu/vocabulary/olfactory-objects/254,Halitosis,99.0,4.0,0.0,0.0,0.0,0.0,0.0,0.0,0.0,0.0,0.0,0.0,0.0,0.0,0.0,0.0,0.0,0.0,0.0,0.0,0.0,0.0,0.0,0.0,0.0,0.0,0.0,0.0,0.0,0.0,0.0,0.0,0.0,0.0,0.0,0.0,0.0,0.0,0.0
76,29,77,24,82,26,85,25,86,31,82,31,85,30,86,28,82,40,75,29,76,29,80,32,78,30,59,33,67,26,99,30,95,158,58,159,281,http://data.odeuropa.eu/vocabulary/olfactory-objects/293,Walnut,99.0,27.0,0.0,0.0,0.0,0.0,0.0,0.0,0.0,0.0,0.0,0.0,0.0,0.0,0.0,0.0,0.0,0.0,0.0,0.0,0.0,0.0,0.0,0.0,0.0,0.0,0.0,0.0,0.0,0.0,0.0,0.0,0.0,0.0,0.0,0.0,0.0,0.0,0.0
75,35,71,36,70,38,70,40,70,25,79,38,78,37,79,37,81,41,83,42,85,42,78,31,82,33,85,55,98,60,117,71,149,49,168,49,276,http://data.odeuropa.eu/vocabulary/olfactory-objects/195,Pigeon,99.0,12.0,0.0,0.0,0.0,0.0,0.0,0.0,0.0,0.0,0.0,0.0,0.0,0.0,0.0,0.0,0.0,0.0,0.0,0.0,0.0,0.0,0.0,0.0,0.0,0.0,0.0,0.0,0.0,0.0,0.0,0.0,0.0,0.0,0.0,0.0,0.0,0.0,0.0
74,32,74,32,74,33,79,30,80,26,87,27,1,1,2,3,4,5,6,1,2,6,2,1,2,1,6,10,5,15,4,22,81,62,271,142,299,http://data.odeuropa.eu/vocabulary/olfactory-objects/185,Porridge,99.0,18.0,0.0,0.0,0.0,0.0,0.0,0.0,0.0,0.0,0.0,0.0,0.0,0.0,0.0,0.0,0.0,0.0,0.0,0.0,0.0,0.0,0.0,0.0,0.0,0.0,0.0,0.0,0.0,0.0,0.0,0.0,0.0,0.0,0.0,0.0,0.0,0.0,0.0
73,33,73,33,73,34,74,36,74,37,76,37,79,36,80,40,79,43,81,44,83,44,86,45,88,46,91,47,106,49,130,58,184,29,182,75,228,http://data.odeuropa.eu/vocabulary/olfactory-objects/186,Pancake,99.0,7.0,0.0,0.0,0.0,0.0,0.0,0.0,0.0,0.0,0.0,0.0,0.0,0.0,0.0,0.0,0.0,0.0,0.0,0.0,0.0,0.0,0.0,0.0,0.0,0.0,0.0,0.0,0.0,0.0,0.0,0.0,0.0,0.0,0.0,0.0,0.0,0.0,0.0
72,34,72,34,72,35,77,37,73,39,74,40,76,40,76,41,78,44,80,45,82,45,85,46,87,47,90,49,104,52,126,54,179,72,285,88,215,http://data.odeuropa.eu/vocabulary/olfactory-objects/52,Cuir de Russie,99.0,15.0,0.0,0.0,0.0,0.0,0.0,0.0,0.0,0.0,0.0,0.0,0.0,0.0,0.0,0.0,0.0,0.0,0.0,0.0,0.0,0.0,0.0,0.0,0.0,0.0,0.0,0.0,0.0,0.0,0.0,0.0,0.0,0.0,0.0,0.0,0.0,0.0,0.0
71,36,70,37,69,39,44,43,55,43,70,34,82,33,83,32,88,34,91,33,94,34,96,34,100,34,81,32,68,38,81,48,131,199,303,110,330,http://data.odeuropa.eu/vocabulary/olfactory-objects/416,Book,99.0,64.0,0.0,0.0,0.0,0.0,0.0,0.0,0.0,0.0,0.0,0.0,0.0,0.0,0.0,0.0,0.0,0.0,0.0,0.0,0.0,0.0,0.0,0.0,0.0,0.0,1.0,0.0,0.0,0.0,0.0,0.0,0.0,0.0,0.0,0.0,0.0,0.0,0.0
70,37,69,38,68,24,11,54,12,68,13,56,15,68,24,68,5,6,1,2,3,5,3,7,8,3,9,3,13,4,19,3,25,83,310,103,337,http://data.odeuropa.eu/vocabulary/olfactory-objects/506,Lizard,99.0,33.0,0.0,0.0,0.0,0.0,0.0,0.0,0.0,0.0,0.0,0.0,0.0,0.0,0.0,0.0,0.0,0.0,0.0,0.0,0.0,0.0,0.0,0.0,0.0,0.0,0.0,0.0,0.0,0.0,0.0,0.0,0.0,0.0,0.0,0.0,0.0,0.0,0.0
69,38,68,23,65,23,82,27,84,42,71,42,74,42,74,43,76,46,78,47,80,47,83,49,83,52,56,59,93,51,128,59,187,31,180,61,196,http://data.odeuropa.eu/vocabulary/olfactory-objects/9,Burnt offering,99.0,14.0,0.0,0.0,0.0,0.0,0.0,0.0,0.0,0.0,0.0,0.0,0.0,0.0,0.0,0.0,0.0,0.0,0.0,0.0,0.0,0.0,0.0,0.0,0.0,0.0,0.0,0.0,0.0,0.0,0.0,0.0,0.0,0.0,0.0,0.0,0.0,0.0,0.0
68,23,65,22,42,54,13,53,13,56,43,70,25,69,14,55,20,72,26,53,17,60,23,76,10,77,12,77,23,80,42,84,166,68,279,95,186,http://data.odeuropa.eu/vocabulary/olfactory-objects/559,Nature,99.0,23.0,0.0,0.0,0.0,0.0,0.0,0.0,0.0,0.0,0.0,0.0,0.0,0.0,0.0,0.0,1.0,0.0,0.0,0.0,0.0,0.0,0.0,0.0,0.0,0.0,0.0,0.0,0.0,0.0,0.0,0.0,0.0,0.0,0.0,0.0,0.0,0.0,0.0
67,39,67,39,67,40,68,33,77,38,75,39,77,38,78,38,72,23,55,24,55,26,56,28,57,20,70,20,82,22,94,34,139,175,70,186,184,http://data.odeuropa.eu/vocabulary/olfactory-objects/89,Incense Burner,99.0,16.0,0.0,0.0,0.0,0.0,0.0,0.0,0.0,0.0,0.0,0.0,0.0,0.0,0.0,0.0,0.0,0.0,0.0,0.0,0.0,0.0,0.0,0.0,0.0,0.0,0.0,0.0,0.0,0.0,0.0,0.0,0.0,0.0,0.0,0.0,0.0,0.0,0.0
66,31,75,35,71,37,71,39,71,41,72,25,46,56,16,56,19,59,18,62,49,79,31,77,30,57,55,87,61,100,36,90,29,91,238,128,358,http://data.odeuropa.eu/vocabulary/olfactory-objects/83,Gun,99.0,16.0,0.0,0.0,0.0,0.0,0.0,0.0,0.0,0.0,0.0,0.0,0.0,0.0,0.0,0.0,0.0,0.0,0.0,0.0,0.0,0.0,0.0,0.0,0.0,0.0,0.0,0.0,0.0,0.0,0.0,0.0,0.0,0.0,0.0,0.0,0.0,0.0,0.0
43,41,43,41,43,42,65,21,65,3,57,12,59,12,61,11,64,13,69,10,67,13,69,15,72,14,76,14,78,25,97,32,140,19,213,5,244,http://data.odeuropa.eu/vocabulary/olfactory-objects/117,Perfume box,99.0,8.0,0.0,0.0,0.0,0.0,0.0,0.0,0.0,0.0,0.0,0.0,0.0,0.0,0.0,0.0,0.0,0.0,0.0,0.0,0.0,0.0,0.0,0.0,0.0,0.0,0.0,0.0,0.0,0.0,0.0,0.0,0.0,0.0,0.0,0.0,0.0,0.0,0.0
54,21,64,10,53,41,42,45,22,69,24,68,23,67,5,59,46,50,59,20,75,17,61,23,62,25,64,27,74,31,88,41,133,197,301,112,328,http://data.odeuropa.eu/vocabulary/olfactory-objects/466,Butterfly,99.0,199.0,0.0,0.0,0.0,0.0,0.0,0.0,0.0,0.0,0.0,0.0,0.0,0.0,0.0,0.0,0.0,0.0,0.0,0.0,0.0,0.0,0.0,0.0,0.0,0.0,0.0,0.0,0.0,0.0,0.0,0.0,0.0,0.0,0.0,0.0,0.0,0.0,0.0
41,43,41,43,41,44,45,22,67,13,56,43,73,26,70,26,73,29,74,17,59,22,60,24,61,26,80,56,63,98,6,20,48,166,53,164,321,http://data.odeuropa.eu/vocabulary/olfactory-objects/436,Brown coal,99.0,7.0,0.0,0.0,0.0,0.0,0.0,0.0,0.0,0.0,0.0,0.0,0.0,0.0,0.0,0.0,0.0,0.0,0.0,0.0,0.0,0.0,0.0,0.0,0.0,0.0,0.0,0.0,0.0,0.0,0.0,0.0,0.0,0.0,0.0,0.0,0.0,0.0,0.0
11,51,13,50,14,50,16,50,16,52,17,51,20,50,22,50,16,57,20,74,27,54,52,55,53,82,44,99,51,111,59,136,79,65,275,117,346,http://data.odeuropa.eu/vocabulary/olfactory-objects/308,Celery,99.0,30.0,0.0,0.0,0.0,0.0,0.0,0.0,0.0,0.0,0.0,0.0,0.0,0.0,0.0,0.0,0.0,0.0,0.0,0.0,0.0,0.0,0.0,0.0,0.0,0.0,0.0,0.0,0.0,0.0,0.0,0.0,0.0,0.0,0.0,0.0,0.0,0.0,0.0
19,44,11,51,13,51,15,51,15,53,16,52,19,51,21,51,24,53,25,54,26,55,29,75,11,68,20,70,31,75,47,111,10,109,257,138,348,http://data.odeuropa.eu/vocabulary/olfactory-objects/517,Amulet,99.0,9.0,0.0,0.0,0.0,0.0,0.0,0.0,0.0,0.0,0.0,0.0,0.0,0.0,0.0,0.0,0.0,0.0,0.0,0.0,0.0,0.0,0.0,0.0,0.0,0.0,0.0,0.0,0.0,0.0,0.0,0.0,0.0,0.0,0.0,0.0,0.0,0.0,0.0
18,45,19,44,11,52,14,52,14,54,15,53,18,52,20,52,23,54,24,55,25,56,27,57,29,58,21,65,36,70,107,9,35,121,76,180,306,http://data.odeuropa.eu/vocabulary/olfactory-objects/478,Reptile,99.0,3.0,0.0,0.0,0.0,0.0,0.0,0.0,0.0,0.0,0.0,0.0,0.0,0.0,0.0,0.0,0.0,0.0,0.0,0.0,0.0,0.0,0.0,0.0,0.0,0.0,0.0,0.0,0.0,0.0,0.0,0.0,0.0,0.0,0.0,0.0,0.0,0.0,0.0
17,46,18,45,19,45,12,66,11,57,12,54,17,53,19,53,22,55,22,57,23,58,25,59,27,61,28,63,62,99,48,122,12,116,313,367,367,http://data.odeuropa.eu/vocabulary/olfactory-objects/277,Grapefruit,99.0,17.0,0.0,0.0,0.0,0.0,0.0,0.0,0.0,0.0,0.0,0.0,0.0,0.0,0.0,0.0,0.0,0.0,0.0,0.0,0.0,0.0,0.0,0.0,0.0,0.0,0.0,0.0,0.0,0.0,0.0,0.0,0.0,0.0,0.0,0.0,0.0,0.0,0.0
16,47,17,46,18,46,20,46,20,47,23,69,14,57,15,58,17,61,17,60,20,61,22,62,24,64,25,66,35,71,74,117,7,106,254,120,366,http://data.odeuropa.eu/vocabulary/olfactory-objects/336,Cider,99.0,4.0,0.0,0.0,0.0,0.0,0.0,0.0,0.0,0.0,0.0,0.0,0.0,0.0,0.0,0.0,0.0,0.0,0.0,0.0,0.0,0.0,0.0,0.0,0.0,0.0,0.0,0.0,0.0,0.0,0.0,0.0,0.0,0.0,0.0,0.0,0.0,0.0,0.0
15,48,16,47,17,47,19,47,19,48,21,47,45,47,46,57,18,60,48,51,60,21,76,29,56,54,83,54,99,58,118,70,169,75,288,86,217,http://data.odeuropa.eu/vocabulary/olfactory-objects/375,Whale oil,99.0,6.0,0.0,0.0,0.0,0.0,0.0,0.0,0.0,0.0,0.0,0.0,0.0,0.0,0.0,0.0,0.0,0.0,0.0,0.0,0.0,0.0,0.0,0.0,0.0,0.0,0.0,0.0,0.0,0.0,0.0,0.0,0.0,0.0,0.0,0.0,0.0,0.0,0.0
14,49,15,48,16,48,18,48,18,50,19,49,22,48,25,71,28,73,23,56,24,57,26,58,28,59,30,61,64,68,109,49,151,50,169,40,263,http://data.odeuropa.eu/vocabulary/olfactory-objects/162,Tussie Mussie,99.0,33.0,0.0,0.0,0.0,0.0,0.0,0.0,0.0,0.0,0.0,0.0,0.0,0.0,0.0,0.0,0.0,0.0,0.0,0.0,0.0,0.0,0.0,0.0,0.0,0.0,0.0,0.0,0.0,0.0,0.0,0.0,0.0,0.0,0.0,0.0,0.0,0.0,0.0
13,50,14,49,15,49,17,49,17,51,18,50,21,49,23,49,47,75,38,87,43,85,45,85,48,87,50,92,59,66,111,51,171,70,281,93,275,http://data.odeuropa.eu/vocabulary/olfactory-objects/521,Chestnut,99.0,9.0,0.0,0.0,0.0,0.0,0.0,0.0,0.0,0.0,0.0,0.0,0.0,0.0,0.0,0.0,0.0,0.0,0.0,0.0,0.0,0.0,0.0,0.0,0.0,0.0,0.0,0.0,0.0,0.0,0.0,0.0,0.0,0.0,0.0,0.0,0.0,0.0,0.0
12,63,20,62,2,53,39,71,39,74,40,73,26,80,40,76,45,77,45,80,47,81,49,54,63,24,65,26,75,30,79,77,157,56,179,60,197,http://data.odeuropa.eu/vocabulary/olfactory-objects/351,Geranium leaf,99.0,9.0,0.0,0.0,0.0,0.0,0.0,0.0,0.0,0.0,0.0,0.0,0.0,0.0,0.0,0.0,0.0,0.0,0.0,0.0,0.0,0.0,0.0,0.0,0.0,0.0,0.0,0.0,0.0,0.0,0.0,0.0,0.0,0.0,0.0,0.0,0.0,0.0,0.0
40,66,31,75,35,72,34,76,34,70,34,78,37,78,38,78,40,82,41,84,42,86,44,86,47,88,49,93,58,103,66,126,17,97,244,130,356,http://data.odeuropa.eu/vocabulary/olfactory-objects/463,Donkey,99.0,224.0,0.0,0.0,0.0,0.0,0.0,0.0,0.0,0.0,0.0,0.0,0.0,0.0,0.0,0.0,0.0,0.0,0.0,0.0,0.0,0.0,0.0,0.0,0.0,0.0,0.0,0.0,0.0,0.0,0.0,0.0,0.0,0.0,0.0,0.0,0.0,0.0,0.0
21,64,10,53,40,67,31,79,30,83,26,87,28,87,35,81,36,86,35,91,34,94,36,94,37,99,36,109,41,110,69,78,158,58,232,25,253,http://data.odeuropa.eu/vocabulary/olfactory-objects/163,Vial,99.0,68.0,0.0,0.0,0.0,0.0,0.0,0.0,0.0,0.0,0.0,0.0,0.0,0.0,0.0,0.0,0.0,0.0,0.0,0.0,0.0,0.0,0.0,0.0,0.0,0.0,0.0,0.0,0.0,0.0,0.0,0.0,0.0,0.0,0.0,0.0,0.0,0.0,0.0
9,55,9,55,9,56,8,59,7,62,7,62,9,62,10,63,12,66,12,69,11,70,12,72,14,74,15,75,26,73,72,119,9,98,245,129,357,http://data.odeuropa.eu/vocabulary/olfactory-objects/166,Vomit,99.0,12.0,0.0,0.0,0.0,0.0,0.0,0.0,0.0,0.0,0.0,0.0,0.0,0.0,0.0,0.0,0.0,0.0,0.0,0.0,0.0,0.0,0.0,0.0,0.0,0.0,0.0,0.0,0.0,0.0,0.0,0.0,0.0,0.0,0.0,0.0,0.0,0.0,0.0
8,56,8,56,8,57,7,60,6,63,6,63,8,63,9,64,11,67,11,72,8,64,19,61,25,79,31,60,92,41,76,115,5,104,252,122,364,http://data.odeuropa.eu/vocabulary/olfactory-objects/393,Fumigation,99.0,11.0,0.0,0.0,0.0,0.0,0.0,0.0,0.0,0.0,0.0,0.0,0.0,0.0,0.0,0.0,0.0,0.0,0.0,0.0,0.0,0.0,0.0,0.0,0.0,0.0,0.0,0.0,0.0,0.0,0.0,0.0,0.0,0.0,0.0,0.0,0.0,0.0,0.0
7,57,7,57,7,58,6,61,5,64,5,64,7,64,8,65,9,69,9,66,14,67,15,69,17,71,18,72,29,77,45,81,161,90,237,155,285,http://data.odeuropa.eu/vocabulary/olfactory-objects/542,Worm,99.0,88.0,0.0,0.0,0.0,0.0,0.0,0.0,0.0,0.0,0.0,0.0,0.0,0.0,0.0,0.0,0.0,0.0,0.0,0.0,0.0,0.0,0.0,0.0,0.0,0.0,0.0,0.0,0.0,0.0,0.0,0.0,0.0,0.0,0.0,0.0,0.0,0.0,0.0
6,58,6,58,6,59,5,62,4,65,4,65,6,65,7,66,8,70,8,65,15,66,16,68,18,70,54,88,37,69,108,8,34,120,75,181,305,http://data.odeuropa.eu/vocabulary/olfactory-objects/295,Peanut,99.0,1.0,0.0,0.0,0.0,0.0,0.0,0.0,0.0,0.0,0.0,0.0,0.0,0.0,0.0,0.0,0.0,0.0,0.0,0.0,0.0,0.0,0.0,0.0,0.0,0.0,0.0,0.0,0.0,0.0,0.0,0.0,0.0,0.0,0.0,0.0,0.0,0.0,0.0
5,59,5,59,5,60,4,63,3,66,3,57,44,71,36,80,38,83,40,76,29,78,41,89,43,92,48,94,57,104,65,127,18,73,286,116,344,http://data.odeuropa.eu/vocabulary/olfactory-objects/244,Mustard gas,99.0,5.0,0.0,0.0,0.0,0.0,0.0,0.0,0.0,0.0,0.0,0.0,0.0,0.0,0.0,0.0,0.0,0.0,0.0,0.0,0.0,0.0,0.0,0.0,0.0,0.0,0.0,0.0,0.0,0.0,0.0,0.0,0.0,0.0,0.0,0.0,0.0,0.0,0.0
4,60,4,60,4,61,3,64,2,58,11,58,13,55,17,69,26,71,7,68,12,69,13,71,15,73,16,74,27,79,43,112,2,100,248,126,360,http://data.odeuropa.eu/vocabulary/olfactory-objects/524,Frog,99.0,31.0,0.0,0.0,0.0,0.0,0.0,0.0,0.0,0.0,0.0,0.0,0.0,0.0,0.0,0.0,0.0,0.0,0.0,0.0,0.0,0.0,0.0,0.0,0.0,0.0,0.0,0.0,0.0,0.0,0.0,0.0,0.0,0.0,0.0,0.0,0.0,0.0,0.0
3,61,3,61,3,62,2,56,10,59,10,59,12,59,13,60,27,76,46,79,48,80,50,80,42,93,43,100,40,96,22,108,27,96,243,131,355,http://data.odeuropa.eu/vocabulary/olfactory-objects/159,Talc,99.0,6.0,0.0,0.0,0.0,0.0,0.0,0.0,0.0,0.0,0.0,0.0,0.0,0.0,0.0,0.0,0.0,0.0,0.0,0.0,0.0,0.0,0.0,0.0,0.0,0.0,0.0,0.0,0.0,0.0,0.0,0.0,0.0,0.0,0.0,0.0,0.0,0.0,0.0
2,52,12,63,20,63,21,65,21,67,22,66,5,66,6,67,7,62,16,64,28,74,7,3,4,8,4,11,4,16,3,23,13,117,59,175,311,http://data.odeuropa.eu/vocabulary/olfactory-objects/372,Furze,99.0,23.0,0.0,0.0,0.0,0.0,0.0,0.0,0.0,0.0,0.0,0.0,0.0,0.0,0.0,0.0,0.0,0.0,0.0,0.0,0.0,0.0,0.0,0.0,0.0,0.0,0.0,0.0,0.0,0.0,0.0,0.0,0.0,0.0,0.0,0.0,0.0,0.0,0.0
20,62,2,52,12,64,40,70,40,73,41,72,43,72,44,72,37,85,36,90,35,93,37,93,38,98,37,108,42,120,67,125,16,99,246,127,359,http://data.odeuropa.eu/vocabulary/olfactory-objects/303,Leek,99.0,43.0,0.0,0.0,0.0,0.0,0.0,0.0,0.0,0.0,0.0,0.0,0.0,0.0,0.0,0.0,0.0,0.0,0.0,0.0,0.0,0.0,0.0,0.0,0.0,0.0,0.0,0.0,0.0,0.0,0.0,0.0,0.0,0.0,0.0,0.0,0.0,0.0,0.0
10,53,40,66,31,76,27,83,26,87,27,86,30,85,30,86,31,91,30,86,40,88,42,88,44,91,45,96,55,107,63,128,20,78,295,98,342,http://data.odeuropa.eu/vocabulary/olfactory-objects/93,Laurel Wreath,99.0,4.0,0.0,0.0,0.0,0.0,0.0,0.0,0.0,0.0,0.0,0.0,0.0,0.0,0.0,0.0,0.0,0.0,0.0,0.0,0.0,0.0,0.0,0.0,0.0,0.0,0.0,0.0,0.0,0.0,0.0,0.0,0.0,0.0,0.0,0.0,0.0,0.0,0.0
22,42,54,21,64,11,23,44,43,46,44,46,56,15,58,14,61,16,63,28,79,30,77,18,66,21,63,28,73,32,87,42,132,198,302,111,329,http://data.odeuropa.eu/vocabulary/olfactory-objects/273,Cardboard,99.0,9.0,0.0,0.0,0.0,0.0,0.0,0.0,0.0,0.0,0.0,0.0,0.0,0.0,0.0,0.0,0.0,0.0,0.0,0.0,0.0,0.0,0.0,0.0,0.0,0.0,0.0,0.0,0.0,0.0,0.0,0.0,0.0,0.0,0.0,0.0,0.0,0.0,0.0
31,75,35,71,36,71,41,69,24,80,33,80,38,77,39,77,41,81,29,75,18,63,20,64,22,66,23,68,33,95,23,93,32,94,241,133,353,http://data.odeuropa.eu/vocabulary/olfactory-objects/355,Eucalyptus,99.0,17.0,0.0,0.0,0.0,0.0,0.0,0.0,0.0,0.0,0.0,0.0,0.0,0.0,0.0,0.0,0.0,0.0,0.0,0.0,0.0,0.0,0.0,0.0,0.0,0.0,0.0,0.0,0.0,0.0,0.0,0.0,0.0,0.0,0.0,0.0,0.0,0.0,0.0
39,67,39,67,39,68,30,80,29,84,30,83,27,88,29,87,30,92,47,78,30,76,18,66,19,69,32,80,20,87,49,113,3,102,250,124,362,http://data.odeuropa.eu/vocabulary/olfactory-objects/153,Sperm Whale,99.0,3.0,0.0,0.0,0.0,0.0,0.0,0.0,0.0,0.0,0.0,0.0,0.0,0.0,0.0,0.0,0.0,0.0,0.0,0.0,0.0,0.0,0.0,0.0,0.0,0.0,0.0,0.0,0.0,0.0,0.0,0.0,0.0,0.0,0.0,0.0,0.0,0.0,0.0
23,65,22,42,54,22,66,11,54,14,67,22,48,24,68,24,50,17,58,21,58,23,59,25,77,53,84,43,110,45,105,24,128,202,306,107,333,http://data.odeuropa.eu/vocabulary/olfactory-objects/26,Canal,99.0,8.0,0.0,0.0,0.0,0.0,0.0,0.0,0.0,0.0,0.0,0.0,0.0,0.0,0.0,0.0,0.0,0.0,0.0,0.0,0.0,0.0,0.0,0.0,0.0,0.0,0.0,0.0,0.0,0.0,0.0,0.0,0.0,0.0,0.0,0.0,0.0,0.0,0.0
38,68,23,65,22,43,24,68,33,79,38,75,41,74,43,73,44,78,44,81,46,82,48,82,51,55,57,97,53,1,11,13,41,152,9,215,86,http://data.odeuropa.eu/vocabulary/olfactory-objects/473,Ring,99.0,11.0,0.0,0.0,0.0,0.0,0.0,0.0,0.0,0.0,0.0,0.0,0.0,0.0,0.0,0.0,0.0,0.0,0.0,0.0,0.0,0.0,0.0,0.0,0.0,0.0,0.0,0.0,0.0,0.0,0.0,0.0,0.0,0.0,0.0,0.0,0.0,0.0,0.0
37,69,38,68,23,66,1,1,1,2,1,2,3,4,1,2,3,4,5,6,1,4,8,2,3,9,3,12,3,17,9,15,53,146,86,315,169,http://data.odeuropa.eu/vocabulary/olfactory-objects/560,Flora,99.0,11.0,0.0,0.0,0.0,0.0,0.0,0.0,0.0,0.0,0.0,0.0,0.0,0.0,0.0,0.0,0.0,0.0,0.0,0.0,0.0,0.0,0.0,0.0,0.0,0.0,0.0,0.0,0.0,0.0,0.0,0.0,0.0,0.0,0.0,0.0,0.0,0.0,0.0
36,70,37,69,38,69,38,72,38,75,39,74,42,73,27,47,49,58,19,61,19,62,21,63,23,65,24,67,34,72,98,31,100,11,202,16,254,http://data.odeuropa.eu/vocabulary/olfactory-objects/443,Currant,99.0,100.0,0.0,0.0,0.0,0.0,0.0,0.0,0.0,0.0,0.0,0.0,0.0,0.0,0.0,0.0,0.0,0.0,0.0,0.0,0.0,0.0,0.0,0.0,0.0,0.0,0.0,0.0,0.0,0.0,0.0,0.0,0.0,0.0,0.0,0.0,0.0,0.0,0.0
34,72,34,72,34,73,36,74,41,72,25,79,36,46,57,15,56,21,57,22,57,24,58,26,59,28,61,30,71,34,85,44,109,169,71,185,187,http://data.odeuropa.eu/vocabulary/olfactory-objects/493,Earring,99.0,16.0,0.0,0.0,0.0,0.0,0.0,0.0,0.0,0.0,0.0,0.0,0.0,0.0,0.0,0.0,0.0,0.0,0.0,0.0,0.0,0.0,0.0,0.0,0.0,0.0,0.0,0.0,0.0,0.0,0.0,0.0,0.0,0.0,0.0,0.0,0.0,0.0,0.0
33,73,33,73,33,74,33,77,36,77,36,77,39,76,41,75,42,80,42,83,44,84,46,84,49,86,51,91,60,101,50,129,21,79,296,99,341,http://data.odeuropa.eu/vocabulary/olfactory-objects/160,Tallow,99.0,27.0,0.0,0.0,0.0,0.0,0.0,0.0,0.0,0.0,0.0,0.0,0.0,0.0,0.0,0.0,0.0,0.0,0.0,0.0,0.0,0.0,0.0,0.0,0.0,0.0,0.0,0.0,0.0,0.0,0.0,0.0,0.0,0.0,0.0,0.0,0.0,0.0,0.0
32,74,32,74,32,75,35,75,35,78,35,45,47,45,48,25,69,8,64,15,63,18,64,20,60,27,62,29,72,33,86,43,108,18,212,6,252,http://data.odeuropa.eu/vocabulary/olfactory-objects/91,Columbine,99.0,186.0,0.0,0.0,0.0,0.0,0.0,0.0,0.0,0.0,0.0,0.0,0.0,0.0,0.0,0.0,0.0,0.0,0.0,0.0,0.0,0.0,0.0,0.0,0.0,0.0,0.0,0.0,0.0,0.0,0.0,0.0,0.0,0.0,0.0,0.0,0.0,0.0,0.0
35,71,36,70,37,70,37,73,37,76,37,76,40,75,42,74,43,79,43,82,45,83,47,83,50,85,52,58,94,64,73,118,8,108,256,137,349,http://data.odeuropa.eu/vocabulary/olfactory-objects/219,Ylang ylang,99.0,4.0,0.0,0.0,0.0,0.0,0.0,0.0,0.0,0.0,0.0,0.0,0.0,0.0,0.0,0.0,0.0,0.0,0.0,0.0,0.0,0.0,0.0,0.0,0.0,0.0,0.0,0.0,0.0,0.0,0.0,0.0,0.0,0.0,0.0,0.0,0.0,0.0,0.0
29,77,24,82,25,82,25,85,25,1,2,1,2,3,4,1,2,3,4,5,6,2,6,4,5,7,5,1,8,13,7,19,66,129,98,320,164,http://data.odeuropa.eu/vocabulary/olfactory-objects/481,Smoking equipment,99.0,210.0,0.0,0.0,0.0,0.0,0.0,0.0,0.0,0.0,0.0,0.0,0.0,0.0,0.0,0.0,0.0,0.0,0.0,0.0,0.0,0.0,0.0,0.0,0.0,0.0,0.0,0.0,0.0,0.0,0.0,0.0,0.0,0.0,0.0,0.0,0.0,0.0,0.0
24,82,25,81,30,77,53,13,53,15,53,16,54,17,69,13,62,15,62,16,64,16,66,30,76,5,7,6,9,8,14,6,28,86,269,144,296,http://data.odeuropa.eu/vocabulary/olfactory-objects/439,Poppy,99.0,143.0,0.0,0.0,0.0,0.0,0.0,0.0,0.0,0.0,0.0,0.0,0.0,0.0,0.0,0.0,0.0,0.0,0.0,0.0,0.0,0.0,0.0,0.0,0.0,0.0,0.0,0.0,0.0,0.0,0.0,0.0,0.0,0.0,0.0,0.0,0.0,0.0,0.0
28,78,28,78,28,79,32,78,31,82,31,82,33,82,33,83,34,88,33,93,32,98,40,90,46,89,47,95,56,105,64,114,4,103,251,123,363,http://data.odeuropa.eu/vocabulary/olfactory-objects/526,Spider,99.0,11.0,0.0,0.0,0.0,0.0,0.0,0.0,0.0,0.0,0.0,0.0,0.0,0.0,0.0,0.0,0.0,0.0,0.0,0.0,0.0,0.0,0.0,0.0,0.0,0.0,0.0,0.0,0.0,0.0,0.0,0.0,0.0,0.0,0.0,0.0,0.0,0.0,0.0
27,79,27,79,27,80,29,81,28,85,29,84,32,83,32,84,33,89,32,94,31,77,30,81,33,80,19,71,30,76,46,80,160,59,234,23,235,http://data.odeuropa.eu/vocabulary/olfactory-objects/271,Ink,99.0,33.0,0.0,0.0,0.0,0.0,0.0,0.0,0.0,0.0,0.0,0.0,0.0,0.0,0.0,0.0,0.0,0.0,0.0,0.0,0.0,0.0,0.0,0.0,0.0,0.0,0.0,0.0,0.0,0.0,0.0,0.0,0.0,0.0,0.0,0.0,0.0,0.0,0.0
26,80,26,80,26,81,28,82,27,86,28,85,31,84,31,85,32,90,31,95,37,91,39,91,41,94,41,103,48,114,57,138,77,67,278,96,345,http://data.odeuropa.eu/vocabulary/olfactory-objects/114,Peltas,99.0,1.0,0.0,0.0,0.0,0.0,0.0,0.0,0.0,0.0,0.0,0.0,0.0,0.0,0.0,0.0,0.0,0.0,0.0,0.0,0.0,0.0,0.0,0.0,0.0,0.0,0.0,0.0,0.0,0.0,0.0,0.0,0.0,0.0,0.0,0.0,0.0,0.0,0.0
30,76,29,77,24,1,78,31,79,29,84,30,86,29,87,35,84,38,87,37,90,37,93,37,96,37,102,40,113,42,75,116,6,105,253,121,365,http://data.odeuropa.eu/vocabulary/olfactory-objects/527,Gooseberry,99.0,6.0,0.0,0.0,0.0,0.0,0.0,0.0,0.0,0.0,0.0,0.0,0.0,0.0,0.0,0.0,0.0,0.0,0.0,0.0,0.0,0.0,0.0,0.0,0.0,0.0,0.0,0.0,0.0,0.0,0.0,0.0,0.0,0.0,0.0,0.0,0.0,0.0,0.0
25,81,30,76,29,78,26,84,32,81,32,81,34,81,34,82,35,87,34,92,33,96,34,96,35,101,35,98,52,109,61,133,71,64,274,119,347,http://data.odeuropa.eu/vocabulary/olfactory-objects/181,Sausage,99.0,28.0,0.0,0.0,0.0,0.0,0.0,0.0,0.0,0.0,0.0,0.0,0.0,0.0,0.0,0.0,0.0,0.0,0.0,0.0,0.0,0.0,0.0,0.0,0.0,0.0,0.0,0.0,0.0,0.0,0.0,0.0,0.0,0.0,0.0,0.0,0.0,0.0,0.0
110,93,119,91,111,106,131,106,133,100,125,100,126,98,118,89,123,95,129,104,126,95,35,95,36,100,42,101,50,112,70,121,22,80,297,100,340,http://data.odeuropa.eu/vocabulary/olfactory-objects/35,Chocolate (solid),93.0,28.0,0.0,0.0,0.0,0.0,0.0,0.0,0.0,0.0,0.0,0.0,0.0,0.0,0.0,0.0,0.0,0.0,0.0,0.0,0.0,0.0,0.0,0.0,0.0,0.0,0.0,0.0,0.0,0.0,0.0,0.0,0.0,0.0,0.0,0.0,0.0,0.0,0.0
115,86,117,89,114,85,111,109,112,110,113,99,133,107,135,113,116,119,117,146,110,136,103,132,106,139,108,148,44,118,53,144,69,77,294,97,343,http://data.odeuropa.eu/vocabulary/olfactory-objects/382,Kerosene,93.0,58.0,0.0,0.0,0.0,0.0,0.0,0.0,0.0,0.0,0.0,0.0,0.0,0.0,0.0,0.0,0.0,0.0,0.0,0.0,0.0,0.0,0.0,0.0,0.0,0.0,0.0,0.0,0.0,0.0,0.0,0.0,0.0,0.0,0.0,0.0,0.0,0.0,0.0
118,90,112,83,110,93,115,87,119,91,120,93,119,91,127,101,137,116,118,121,97,129,101,134,108,137,106,150,140,177,147,181,150,1,0,1,180,http://data.odeuropa.eu/vocabulary/olfactory-objects/144,Lamp,93.0,108.0,0.0,0.0,0.0,0.0,0.0,0.0,0.0,0.0,0.0,0.0,0.0,0.0,0.0,0.0,0.0,0.0,0.0,0.0,0.0,0.0,0.0,0.0,0.0,0.0,0.0,0.0,0.0,0.0,0.0,0.0,0.0,0.0,0.0,0.0,0.0,0.0,0.0
117,89,114,85,118,90,110,97,132,107,133,101,127,101,137,106,134,114,140,117,144,113,137,109,140,110,140,83,17,84,37,89,40,151,48,169,317,http://data.odeuropa.eu/vocabulary/olfactory-objects/61,Elm tree,93.0,8.0,0.0,0.0,0.0,0.0,0.0,0.0,0.0,0.0,0.0,0.0,0.0,0.0,0.0,0.0,0.0,0.0,0.0,0.0,0.0,0.0,0.0,0.0,0.0,0.0,0.0,0.0,0.0,0.0,0.0,0.0,0.0,0.0,0.0,0.0,0.0,0.0,0.0
116,87,116,87,116,87,120,93,117,89,122,96,115,100,128,96,121,93,128,103,127,99,129,100,138,106,146,111,155,27,102,27,141,173,13,208,66,http://data.odeuropa.eu/vocabulary/olfactory-objects/515,Leopard,93.0,8.0,0.0,0.0,0.0,0.0,0.0,0.0,0.0,0.0,0.0,0.0,0.0,0.0,0.0,0.0,0.0,0.0,0.0,0.0,0.0,0.0,0.0,0.0,0.0,0.0,0.0,0.0,0.0,0.0,0.0,0.0,0.0,0.0,0.0,0.0,0.0,0.0,0.0
113,84,115,86,117,89,114,86,113,98,123,98,124,96,122,94,119,105,142,112,139,119,145,116,145,120,155,125,168,135,158,191,143,24,224,33,270,http://data.odeuropa.eu/vocabulary/olfactory-objects/520,Nut,93.0,66.0,0.0,0.0,0.0,0.0,0.0,0.0,0.0,0.0,0.0,0.0,0.0,0.0,0.0,0.0,0.0,0.0,0.0,0.0,0.0,0.0,0.0,0.0,0.0,0.0,0.0,0.0,0.0,0.0,0.0,0.0,0.0,0.0,0.0,0.0,0.0,0.0,0.0
114,85,118,90,112,83,116,88,122,95,114,110,136,110,139,114,117,97,126,100,130,103,130,101,137,105,147,112,154,106,68,123,14,118,25,244,11,http://data.odeuropa.eu/vocabulary/olfactory-objects/320,Fenugreek,93.0,9.0,0.0,0.0,0.0,0.0,0.0,0.0,0.0,0.0,0.0,0.0,0.0,0.0,0.0,0.0,0.0,0.0,0.0,0.0,0.0,0.0,0.0,0.0,0.0,0.0,0.0,0.0,0.0,0.0,0.0,0.0,0.0,0.0,0.0,0.0,0.0,0.0,0.0
112,83,110,93,119,91,133,107,134,108,134,109,113,97,119,90,127,101,122,88,38,90,32,78,20,63,26,81,19,90,29,99,24,82,309,104,336,http://data.odeuropa.eu/vocabulary/olfactory-objects/519,Rope tobacco,93.0,12.0,0.0,0.0,0.0,0.0,0.0,0.0,0.0,0.0,0.0,0.0,0.0,0.0,0.0,0.0,0.0,0.0,0.0,0.0,0.0,0.0,0.0,0.0,0.0,0.0,0.0,0.0,0.0,0.0,0.0,0.0,0.0,0.0,0.0,0.0,0.0,0.0,0.0
111,106,108,97,123,105,123,92,118,90,121,95,117,89,117,102,130,98,120,119,146,111,140,118,147,126,161,127,161,128,166,75,155,54,177,58,199,http://data.odeuropa.eu/vocabulary/olfactory-objects/135,Rain,93.0,49.0,0.0,0.0,0.0,0.0,0.0,0.0,0.0,0.0,0.0,0.0,0.0,0.0,0.0,0.0,0.0,0.0,0.0,0.0,0.0,0.0,0.0,0.0,0.0,0.0,0.0,0.0,0.0,0.0,0.0,0.0,0.0,0.0,0.0,0.0,0.0,0.0,0.0
120,92,120,92,120,92,121,94,116,88,119,92,118,90,124,98,129,104,130,105,135,101,132,104,134,102,142,134,169,136,174,95,37,157,62,178,308,http://data.odeuropa.eu/vocabulary/olfactory-objects/400,Florida Water,93.0,4.0,0.0,0.0,0.0,0.0,0.0,0.0,0.0,0.0,0.0,0.0,0.0,0.0,0.0,0.0,0.0,0.0,0.0,0.0,0.0,0.0,0.0,0.0,0.0,0.0,0.0,0.0,0.0,0.0,0.0,0.0,0.0,0.0,0.0,0.0,0.0,0.0,0.0
119,91,111,106,108,97,118,90,120,93,118,91,121,93,125,99,118,117,119,97,133,106,127,122,154,118,153,85,15,82,40,86,88,6,193,64,193,http://data.odeuropa.eu/vocabulary/olfactory-objects/283,Raspberry,93.0,30.0,0.0,0.0,0.0,0.0,0.0,0.0,0.0,0.0,0.0,0.0,0.0,0.0,0.0,0.0,0.0,0.0,0.0,0.0,0.0,0.0,0.0,0.0,0.0,0.0,0.0,0.0,0.0,0.0,0.0,0.0,0.0,0.0,0.0,0.0,0.0,0.0,0.0
129,102,128,101,127,100,127,102,128,103,128,104,130,104,132,112,139,108,134,109,136,109,125,123,126,159,121,154,120,161,133,195,164,87,267,146,294,http://data.odeuropa.eu/vocabulary/olfactory-objects/220,Opoponax,93.0,18.0,0.0,0.0,0.0,0.0,0.0,0.0,0.0,0.0,0.0,0.0,0.0,0.0,0.0,0.0,0.0,0.0,0.0,0.0,0.0,0.0,0.0,0.0,0.0,0.0,0.0,0.0,0.0,0.0,0.0,0.0,0.0,0.0,0.0,0.0,0.0,0.0,0.0
121,88,113,84,115,86,112,96,123,96,115,88,120,92,126,100,128,102,121,108,145,112,136,108,128,131,135,137,174,141,180,147,144,20,217,20,238,http://data.odeuropa.eu/vocabulary/olfactory-objects/23,Cadaver,93.0,301.0,0.0,0.0,0.0,0.0,0.0,0.0,0.0,0.0,0.0,0.0,0.0,0.0,0.0,0.0,0.0,0.0,0.0,0.0,0.0,0.0,0.0,0.0,0.0,0.0,0.0,0.0,0.0,0.0,0.0,0.0,0.0,0.0,0.0,0.0,0.0,0.0,0.0
122,94,129,102,128,101,128,103,129,104,129,105,131,105,133,111,141,110,136,110,137,115,139,111,139,107,145,110,156,121,170,57,183,28,184,73,210,http://data.odeuropa.eu/vocabulary/olfactory-objects/482,Dahlia,93.0,11.0,0.0,0.0,0.0,0.0,0.0,0.0,0.0,0.0,0.0,0.0,0.0,0.0,0.0,0.0,0.0,0.0,0.0,0.0,0.0,0.0,0.0,0.0,0.0,0.0,0.0,0.0,0.0,0.0,0.0,0.0,0.0,0.0,0.0,0.0,0.0,0.0,0.0
123,105,132,95,121,88,117,89,121,94,117,90,122,94,120,91,126,100,123,96,129,102,131,102,136,104,148,113,157,122,171,124,15,119,74,182,304,http://data.odeuropa.eu/vocabulary/olfactory-objects/485,Radish,93.0,28.0,0.0,0.0,0.0,0.0,0.0,0.0,0.0,0.0,0.0,0.0,0.0,0.0,0.0,0.0,0.0,0.0,0.0,0.0,0.0,0.0,0.0,0.0,0.0,0.0,0.0,0.0,0.0,0.0,0.0,0.0,0.0,0.0,0.0,0.0,0.0,0.0,0.0
124,96,122,94,129,102,129,104,130,105,130,106,132,106,134,110,138,109,135,113,140,118,143,119,148,124,159,129,163,67,110,28,93,160,66,191,63,http://data.odeuropa.eu/vocabulary/olfactory-objects/314,Beetroot,93.0,4.0,0.0,0.0,0.0,0.0,0.0,0.0,0.0,0.0,0.0,0.0,0.0,0.0,0.0,0.0,0.0,0.0,0.0,0.0,0.0,0.0,0.0,0.0,0.0,0.0,0.0,0.0,0.0,0.0,0.0,0.0,0.0,0.0,0.0,0.0,0.0,0.0,0.0
125,98,124,96,122,94,132,99,125,99,132,108,135,109,138,105,133,115,143,111,138,110,134,106,132,128,165,121,146,151,188,155,98,2,207,10,248,http://data.odeuropa.eu/vocabulary/olfactory-objects/475,Glove,93.0,74.0,0.0,0.0,0.0,0.0,0.0,0.0,0.0,0.0,0.0,0.0,0.0,0.0,0.0,0.0,0.0,0.0,0.0,0.0,0.0,0.0,0.0,0.0,0.0,0.0,0.0,0.0,0.0,0.0,0.0,0.0,0.0,0.0,0.0,0.0,0.0,0.0,0.0
126,99,125,98,124,96,130,105,131,106,131,107,134,108,136,108,136,112,138,115,142,116,141,121,150,122,157,132,166,144,183,149,177,23,223,34,269,http://data.odeuropa.eu/vocabulary/olfactory-objects/346,Broth,93.0,23.0,0.0,0.0,0.0,0.0,0.0,0.0,0.0,0.0,0.0,0.0,0.0,0.0,0.0,0.0,0.0,0.0,0.0,0.0,0.0,0.0,0.0,0.0,0.0,0.0,0.0,0.0,0.0,0.0,0.0,0.0,0.0,0.0,0.0,0.0,0.0,0.0,0.0
127,100,126,99,125,98,124,98,124,92,116,89,123,95,123,95,122,94,125,99,131,104,123,125,127,130,134,166,135,172,142,171,90,5,192,65,192,http://data.odeuropa.eu/vocabulary/olfactory-objects/444,Fig,93.0,143.0,0.0,0.0,0.0,0.0,0.0,0.0,0.0,0.0,0.0,0.0,0.0,0.0,0.0,0.0,0.0,0.0,0.0,0.0,0.0,0.0,0.0,0.0,0.0,0.0,0.0,0.0,0.0,0.0,0.0,0.0,0.0,0.0,0.0,0.0,0.0,0.0,0.0
128,101,127,100,126,99,126,101,127,102,127,103,129,103,131,104,132,111,137,116,143,114,138,103,135,103,149,114,153,94,25,104,55,143,32,233,44,http://data.odeuropa.eu/vocabulary/olfactory-objects/113,Peau d'Espagne,93.0,22.0,0.0,0.0,0.0,0.0,0.0,0.0,0.0,0.0,0.0,0.0,0.0,0.0,0.0,0.0,0.0,0.0,0.0,0.0,0.0,0.0,0.0,0.0,0.0,0.0,0.0,0.0,0.0,0.0,0.0,0.0,0.0,0.0,0.0,0.0,0.0,0.0,0.0
130,103,130,103,130,103,109,111,110,112,111,97,125,99,129,103,131,106,132,107,134,107,126,110,129,125,160,128,162,129,165,164,83,161,56,161,279,http://data.odeuropa.eu/vocabulary/olfactory-objects/371,Liquid manure,93.0,5.0,0.0,0.0,0.0,0.0,0.0,0.0,0.0,0.0,0.0,0.0,0.0,0.0,0.0,0.0,0.0,0.0,0.0,0.0,0.0,0.0,0.0,0.0,0.0,0.0,0.0,0.0,0.0,0.0,0.0,0.0,0.0,0.0,0.0,0.0,0.0,0.0,0.0
131,104,131,104,131,104,113,108,111,97,124,94,116,111,140,107,135,113,139,114,141,117,142,120,149,116,162,130,164,184,38,88,86,71,283,91,212,http://data.odeuropa.eu/vocabulary/olfactory-objects/190,Cow,93.0,334.0,0.0,0.0,0.0,0.0,0.0,0.0,0.0,0.0,0.0,0.0,0.0,0.0,0.0,0.0,0.0,0.0,0.0,0.0,0.0,0.0,0.0,0.0,0.0,0.0,0.0,0.0,0.0,0.0,0.0,0.0,0.0,0.0,0.0,0.0,0.0,0.0,0.0
132,95,121,88,113,84,119,91,115,49,20,48,24,70,26,70,15,63,15,63,16,65,17,67,31,78,11,78,22,89,31,96,38,148,84,317,167,http://data.odeuropa.eu/vocabulary/olfactory-objects/240,Chamber pot,93.0,8.0,0.0,0.0,0.0,0.0,0.0,0.0,0.0,0.0,0.0,0.0,0.0,0.0,0.0,0.0,0.0,0.0,0.0,0.0,0.0,0.0,0.0,0.0,0.0,0.0,0.0,0.0,0.0,0.0,0.0,0.0,0.0,0.0,0.0,0.0,0.0,0.0,0.0
108,97,123,105,132,95,75,35,75,36,77,36,71,35,81,34,85,31,94,31,96,39,91,39,94,39,100,35,65,97,10,14,54,145,87,314,170,http://data.odeuropa.eu/vocabulary/olfactory-objects/122,Pipe,93.0,1080.0,0.0,0.0,0.0,0.0,0.0,0.0,0.0,0.0,0.0,0.0,0.0,0.0,0.0,0.0,0.0,0.0,0.0,0.0,0.0,0.0,0.0,0.0,0.0,0.0,0.0,0.0,0.0,0.0,0.0,0.0,0.0,0.0,0.0,0.0,0.0,0.0,0.0
109,107,109,107,109,107,122,95,114,109,112,111,114,112,115,97,120,49,51,50,52,97,33,98,34,81,33,90,39,102,51,146,68,125,45,172,314,http://data.odeuropa.eu/vocabulary/olfactory-objects/501,Rabbit,93.0,41.0,0.0,0.0,0.0,0.0,0.0,0.0,0.0,0.0,0.0,0.0,0.0,0.0,0.0,0.0,0.0,0.0,0.0,0.0,0.0,0.0,0.0,0.0,0.0,0.0,0.0,0.0,0.0,0.0,0.0,0.0,0.0,0.0,0.0,0.0,0.0,0.0,0.0
97,123,105,132,95,121,95,113,109,111,97,125,93,117,113,116,115,118,97,131,104,126,121,149,123,155,127,162,139,176,146,167,84,8,198,78,225,http://data.odeuropa.eu/vocabulary/olfactory-objects/175,Lily-of-the-valley,93.0,162.0,0.0,0.0,0.0,0.0,0.0,0.0,0.0,0.0,0.0,0.0,0.0,0.0,0.0,0.0,0.0,0.0,0.0,0.0,0.0,0.0,0.0,0.0,0.0,0.0,0.0,0.0,1.0,0.0,0.0,0.0,0.0,0.0,0.0,0.0,0.0,0.0,0.0
107,109,107,109,107,109,97,132,107,133,101,127,102,127,101,138,107,134,107,135,102,128,100,135,109,136,105,138,142,179,150,185,154,53,176,42,261,http://data.odeuropa.eu/vocabulary/olfactory-objects/514,Bear,93.0,37.0,0.0,0.0,0.0,0.0,0.0,0.0,0.0,0.0,0.0,0.0,0.0,0.0,0.0,0.0,0.0,0.0,0.0,0.0,0.0,0.0,0.0,0.0,0.0,0.0,0.0,0.0,0.0,0.0,0.0,0.0,0.0,0.0,0.0,0.0,0.0,0.0,0.0
93,119,91,111,106,108,105,131,106,131,107,135,101,126,100,128,101,131,98,129,101,122,147,114,143,109,141,84,16,83,39,87,101,12,203,15,243,http://data.odeuropa.eu/vocabulary/olfactory-objects/176,Laundry,93.0,30.0,0.0,0.0,0.0,0.0,0.0,0.0,0.0,0.0,0.0,0.0,0.0,0.0,0.0,0.0,0.0,0.0,0.0,0.0,0.0,0.0,0.0,0.0,0.0,0.0,0.0,0.0,0.0,0.0,0.0,0.0,0.0,0.0,0.0,0.0,0.0,0.0,0.0
106,108,97,123,105,132,99,125,100,125,100,126,100,135,111,140,105,132,106,139,113,140,119,145,119,150,126,161,128,157,30,109,23,81,300,113,327,http://data.odeuropa.eu/vocabulary/olfactory-objects/281,Blueberry,93.0,11.0,0.0,0.0,0.0,0.0,0.0,0.0,0.0,0.0,0.0,0.0,0.0,0.0,0.0,0.0,0.0,0.0,0.0,0.0,0.0,0.0,0.0,0.0,0.0,0.0,0.0,0.0,0.0,0.0,0.0,0.0,0.0,0.0,0.0,0.0,0.0,0.0,0.0
83,110,93,119,91,111,92,117,89,113,99,134,109,136,106,134,112,139,110,138,112,138,120,147,121,152,130,164,136,173,143,170,91,4,188,69,188,http://data.odeuropa.eu/vocabulary/olfactory-objects/209,Meadow sweet,93.0,19.0,0.0,0.0,0.0,0.0,0.0,0.0,0.0,0.0,0.0,0.0,0.0,0.0,0.0,0.0,0.0,0.0,0.0,0.0,0.0,0.0,0.0,0.0,0.0,0.0,0.0,0.0,0.0,0.0,0.0,0.0,0.0,0.0,0.0,0.0,0.0,0.0,0.0
84,115,86,117,89,114,89,120,93,119,93,119,91,122,93,125,98,124,96,132,105,134,108,126,97,36,103,41,112,50,129,53,175,127,99,322,139,http://data.odeuropa.eu/vocabulary/olfactory-objects/236,Orchid,93.0,35.0,0.0,0.0,0.0,0.0,0.0,0.0,0.0,0.0,0.0,0.0,0.0,0.0,0.0,0.0,0.0,0.0,0.0,0.0,0.0,0.0,0.0,0.0,0.0,0.0,0.0,0.0,0.0,0.0,0.0,0.0,0.0,0.0,0.0,0.0,0.0,0.0,0.0
85,118,90,112,83,110,90,119,92,118,91,121,94,119,90,124,96,125,99,124,120,123,124,124,155,117,152,117,151,43,103,26,89,165,8,216,85,http://data.odeuropa.eu/vocabulary/olfactory-objects/453,Cup,93.0,20.0,0.0,0.0,0.0,0.0,0.0,0.0,0.0,0.0,0.0,0.0,0.0,0.0,0.0,0.0,0.0,0.0,0.0,0.0,0.0,0.0,0.0,0.0,0.0,0.0,0.0,0.0,0.0,0.0,0.0,0.0,0.0,0.0,0.0,0.0,0.0,0.0,0.0
86,117,89,114,85,118,58,8,59,9,60,9,62,9,64,8,67,10,66,13,70,9,73,11,68,31,58,57,95,63,114,74,153,52,175,43,260,http://data.odeuropa.eu/vocabulary/olfactory-objects/564,Religion,93.0,68.0,0.0,0.0,0.0,0.0,0.0,0.0,0.0,0.0,0.0,0.0,0.0,0.0,0.0,0.0,0.0,0.0,0.0,0.0,0.0,0.0,0.0,0.0,0.0,0.0,0.0,0.0,0.0,0.0,0.0,0.0,0.0,0.0,0.0,0.0,0.0,0.0,0.0
87,116,87,116,87,116,96,123,91,117,90,122,95,118,89,118,10,68,10,67,13,68,14,70,16,72,17,73,28,78,44,82,162,89,266,147,293,http://data.odeuropa.eu/vocabulary/olfactory-objects/389,Musk mallow,93.0,3.0,0.0,0.0,0.0,0.0,0.0,0.0,0.0,0.0,0.0,0.0,0.0,0.0,0.0,0.0,0.0,0.0,0.0,0.0,0.0,0.0,0.0,0.0,0.0,0.0,0.0,0.0,0.0,0.0,0.0,0.0,0.0,0.0,0.0,0.0,0.0,0.0,0.0
89,114,85,118,90,112,93,116,88,114,110,113,112,114,97,120,86,36,89,35,92,36,94,36,98,35,82,21,81,23,95,50,145,57,228,29,274,http://data.odeuropa.eu/vocabulary/olfactory-objects/101,Musk Deer,93.0,7.0,0.0,0.0,0.0,0.0,0.0,0.0,0.0,0.0,0.0,0.0,0.0,0.0,0.0,0.0,0.0,0.0,0.0,0.0,0.0,0.0,0.0,0.0,0.0,0.0,0.0,0.0,0.0,0.0,0.0,0.0,0.0,0.0,0.0,0.0,0.0,0.0,0.0
90,112,83,110,93,119,107,134,108,134,109,112,97,116,102,130,103,130,104,122,121,124,122,150,124,157,123,157,125,167,138,173,176,22,222,35,268,http://data.odeuropa.eu/vocabulary/olfactory-objects/448,Vessel,93.0,49.0,0.0,0.0,0.0,0.0,0.0,0.0,0.0,0.0,0.0,0.0,0.0,0.0,0.0,0.0,0.0,0.0,0.0,0.0,0.0,0.0,0.0,0.0,0.0,0.0,0.0,0.0,0.0,0.0,0.0,0.0,0.0,0.0,0.0,0.0,0.0,0.0,0.0
91,111,106,108,97,123,94,115,87,123,98,124,98,125,99,129,94,127,101,125,73,50,53,97,40,95,40,104,47,115,56,140,75,40,152,288,150,http://data.odeuropa.eu/vocabulary/olfactory-objects/58,Eau de cologne,93.0,39.0,0.0,0.0,0.0,0.0,0.0,0.0,0.0,0.0,0.0,0.0,0.0,0.0,0.0,0.0,0.0,0.0,0.0,0.0,0.0,0.0,0.0,0.0,0.0,0.0,0.0,0.0,0.0,0.0,0.0,0.0,0.0,0.0,0.0,0.0,0.0,0.0,0.0
92,120,92,120,92,120,91,114,81,32,81,32,84,31,85,30,90,32,93,38,89,38,92,38,95,38,101,39,91,36,83,46,114,296,94,307,177,http://data.odeuropa.eu/vocabulary/olfactory-objects/341,Egg,93.0,59.0,0.0,0.0,0.0,0.0,0.0,0.0,0.0,0.0,0.0,0.0,0.0,0.0,0.0,0.0,0.0,0.0,0.0,0.0,0.0,0.0,0.0,0.0,0.0,0.0,0.0,0.0,0.0,0.0,0.0,0.0,0.0,0.0,0.0,0.0,0.0,0.0,0.0
88,113,84,115,86,117,76,34,76,35,45,55,16,54,18,54,21,56,21,58,22,59,24,60,26,62,27,64,38,92,27,101,44,162,55,162,298,http://data.odeuropa.eu/vocabulary/olfactory-objects/516,Snake,93.0,49.0,0.0,0.0,0.0,0.0,0.0,0.0,0.0,0.0,0.0,0.0,0.0,0.0,0.0,0.0,0.0,0.0,0.0,0.0,0.0,0.0,0.0,0.0,0.0,0.0,0.0,0.0,0.0,0.0,0.0,0.0,0.0,0.0,0.0,0.0,0.0,0.0,0.0
94,129,102,128,101,127,102,128,103,128,104,131,106,131,112,141,108,135,115,145,118,145,114,140,114,156,104,152,118,163,90,39,137,180,247,118,323,http://data.odeuropa.eu/vocabulary/olfactory-objects/562,Element,93.0,7.0,0.0,0.0,0.0,0.0,0.0,0.0,0.0,0.0,0.0,0.0,0.0,0.0,0.0,0.0,0.0,0.0,0.0,0.0,0.0,0.0,0.0,0.0,0.0,0.0,0.0,0.0,0.0,0.0,0.0,0.0,0.0,0.0,0.0,0.0,0.0,0.0,0.0
105,132,95,121,88,113,108,110,97,115,88,120,92,121,92,126,99,123,95,128,100,130,102,133,102,138,107,149,114,156,60,135,80,63,273,140,322,http://data.odeuropa.eu/vocabulary/olfactory-objects/274,Glue,93.0,21.0,0.0,0.0,0.0,0.0,0.0,0.0,0.0,0.0,0.0,0.0,0.0,0.0,0.0,0.0,0.0,0.0,0.0,0.0,0.0,0.0,0.0,0.0,0.0,0.0,0.0,0.0,0.0,0.0,0.0,0.0,0.0,0.0,0.0,0.0,0.0,0.0,0.0
96,122,94,129,102,128,103,129,104,129,105,132,107,133,109,137,114,141,108,136,109,135,109,137,101,132,97,34,66,65,112,62,193,36,139,281,157,http://data.odeuropa.eu/vocabulary/olfactory-objects/334,Lemon balm,93.0,12.0,0.0,0.0,0.0,0.0,0.0,0.0,0.0,0.0,0.0,0.0,0.0,0.0,0.0,0.0,0.0,0.0,0.0,0.0,0.0,0.0,0.0,0.0,0.0,0.0,0.0,0.0,0.0,0.0,0.0,0.0,0.0,0.0,0.0,0.0,0.0,0.0,0.0
98,124,96,122,94,129,106,133,99,124,92,117,89,120,91,127,100,121,37,89,36,92,38,92,39,96,39,106,45,117,54,142,72,60,268,145,295,http://data.odeuropa.eu/vocabulary/olfactory-objects/309,Parsnip,93.0,9.0,0.0,0.0,0.0,0.0,0.0,0.0,0.0,0.0,0.0,0.0,0.0,0.0,0.0,0.0,0.0,0.0,0.0,0.0,0.0,0.0,0.0,0.0,0.0,0.0,0.0,0.0,0.0,0.0,0.0,0.0,0.0,0.0,0.0,0.0,0.0,0.0,0.0
99,125,98,124,96,122,104,130,105,130,106,133,108,134,108,136,110,137,113,143,116,143,116,142,116,146,116,139,173,146,184,150,178,138,80,158,282,http://data.odeuropa.eu/vocabulary/olfactory-objects/553,Spermaceti,93.0,9.0,0.0,0.0,0.0,0.0,0.0,0.0,0.0,0.0,0.0,0.0,0.0,0.0,0.0,0.0,0.0,0.0,0.0,0.0,0.0,0.0,0.0,0.0,0.0,0.0,0.0,0.0,0.0,0.0,0.0,0.0,0.0,0.0,0.0,0.0,0.0,0.0,0.0
100,126,99,125,98,124,98,124,98,132,108,136,110,137,105,133,113,140,109,137,111,137,111,148,122,153,129,167,132,169,89,40,134,195,299,114,326,http://data.odeuropa.eu/vocabulary/olfactory-objects/151,Snuff Box,93.0,117.0,0.0,0.0,0.0,0.0,0.0,0.0,0.0,0.0,0.0,0.0,0.0,0.0,0.0,0.0,0.0,0.0,0.0,0.0,0.0,0.0,0.0,0.0,0.0,0.0,0.0,0.0,0.0,0.0,0.0,0.0,0.0,0.0,0.0,0.0,0.0,0.0,0.0
101,127,100,126,99,125,100,126,101,126,102,129,104,129,103,131,109,136,114,144,117,144,115,141,86,49,88,51,102,54,124,63,196,115,117,324,137,http://data.odeuropa.eu/vocabulary/olfactory-objects/511,Apricot,93.0,10.0,0.0,0.0,0.0,0.0,0.0,0.0,0.0,0.0,0.0,0.0,0.0,0.0,0.0,0.0,0.0,0.0,0.0,0.0,0.0,0.0,0.0,0.0,0.0,0.0,0.0,0.0,0.0,0.0,0.0,0.0,0.0,0.0,0.0,0.0,0.0,0.0,0.0
102,128,101,127,100,126,101,127,102,127,103,130,105,130,107,135,111,138,116,120,123,108,135,107,131,114,136,126,160,126,164,153,182,27,227,30,273,http://data.odeuropa.eu/vocabulary/olfactory-objects/489,Crab,93.0,42.0,0.0,0.0,0.0,0.0,0.0,0.0,0.0,0.0,0.0,0.0,0.0,0.0,0.0,0.0,0.0,0.0,0.0,0.0,0.0,0.0,0.0,0.0,0.0,0.0,0.0,0.0,0.0,0.0,0.0,0.0,0.0,0.0,0.0,0.0,0.0,0.0,0.0
103,130,103,130,103,130,86,112,96,122,96,116,29,86,28,88,29,84,39,85,41,87,43,87,45,90,46,86,14,86,33,83,165,66,276,80,223,http://data.odeuropa.eu/vocabulary/olfactory-objects/450,Glass with stem,93.0,30.0,0.0,0.0,0.0,0.0,0.0,0.0,0.0,0.0,0.0,0.0,0.0,0.0,0.0,0.0,0.0,0.0,0.0,0.0,0.0,0.0,0.0,0.0,0.0,0.0,0.0,0.0,0.0,0.0,0.0,0.0,0.0,0.0,0.0,0.0,0.0,0.0,0.0
104,131,104,131,104,131,87,118,90,116,89,123,96,115,114,117,102,120,105,133,106,125,110,136,110,135,132,136,175,143,194,161,129,201,305,108,332,http://data.odeuropa.eu/vocabulary/olfactory-objects/182,Ham,93.0,27.0,0.0,0.0,0.0,0.0,0.0,0.0,0.0,0.0,0.0,0.0,0.0,0.0,0.0,0.0,0.0,0.0,0.0,0.0,0.0,0.0,0.0,0.0,0.0,0.0,0.0,0.0,0.0,0.0,0.0,0.0,0.0,0.0,0.0,0.0,0.0,0.0,0.0
95,121,88,113,84,115,88,122,95,121,95,114,99,124,95,123,95,126,100,127,99,131,104,127,125,158,122,156,124,155,137,177,146,46,162,56,201,http://data.odeuropa.eu/vocabulary/olfactory-objects/290,Pear,93.0,217.0,0.0,0.0,0.0,0.0,0.0,0.0,0.0,0.0,0.0,0.0,0.0,0.0,0.0,0.0,0.0,0.0,0.0,0.0,0.0,0.0,0.0,0.0,0.0,0.0,0.0,0.0,0.0,0.0,0.0,0.0,0.0,0.0,0.0,0.0,0.0,0.0,0.0
147,137,151,136,150,135,154,141,155,141,156,138,152,143,162,145,159,147,161,156,172,155,172,154,176,154,128,163,137,174,144,169,92,3,185,72,230,http://data.odeuropa.eu/vocabulary/olfactory-objects/352,Blackcurrant leaf,87.0,5.0,0.0,0.0,0.0,0.0,0.0,0.0,0.0,0.0,0.0,0.0,0.0,0.0,0.0,0.0,0.0,0.0,0.0,0.0,0.0,0.0,0.0,0.0,0.0,0.0,0.0,0.0,0.0,0.0,0.0,0.0,0.0,0.0,0.0,0.0,0.0,0.0,0.0
148,143,145,152,134,148,142,157,143,158,144,161,146,163,147,163,147,161,153,169,154,171,105,130,104,141,110,146,54,108,62,132,65,132,43,174,312,http://data.odeuropa.eu/vocabulary/olfactory-objects/263,Mould,87.0,32.0,0.0,0.0,0.0,0.0,0.0,0.0,0.0,0.0,0.0,0.0,0.0,0.0,0.0,0.0,0.0,0.0,0.0,0.0,0.0,0.0,0.0,0.0,0.0,0.0,0.0,0.0,0.0,0.0,0.0,0.0,0.0,0.0,0.0,0.0,0.0,0.0,0.0
149,133,147,137,151,136,157,144,158,144,159,143,158,140,166,151,166,148,162,126,98,132,106,129,103,142,111,144,126,152,189,156,185,131,97,304,182,http://data.odeuropa.eu/vocabulary/olfactory-objects/104,Anemone,87.0,258.0,0.0,0.0,0.0,0.0,0.0,0.0,0.0,0.0,0.0,0.0,0.0,0.0,0.0,0.0,0.0,0.0,0.0,0.0,0.0,0.0,0.0,0.0,0.0,0.0,0.0,0.0,0.0,0.0,0.0,0.0,0.0,0.0,0.0,0.0,0.0,0.0,0.0
150,135,149,133,147,137,149,121,94,120,94,118,90,123,94,121,92,129,103,123,108,139,112,138,111,133,115,140,172,139,177,134,82,61,270,143,297,http://data.odeuropa.eu/vocabulary/olfactory-objects/543,Algae,87.0,23.0,0.0,0.0,0.0,0.0,0.0,0.0,0.0,0.0,0.0,0.0,0.0,0.0,0.0,0.0,0.0,0.0,0.0,0.0,0.0,0.0,0.0,0.0,0.0,0.0,0.0,0.0,0.0,0.0,0.0,0.0,0.0,0.0,0.0,0.0,0.0,0.0,0.0
151,136,150,135,149,133,150,137,150,135,155,139,153,132,104,132,104,142,111,140,119,146,113,139,113,143,112,145,70,35,84,45,113,302,89,311,173,http://data.odeuropa.eu/vocabulary/olfactory-objects/210,Strewing herb,87.0,22.0,0.0,0.0,0.0,0.0,0.0,0.0,0.0,0.0,0.0,0.0,0.0,0.0,0.0,0.0,0.0,0.0,0.0,0.0,0.0,0.0,0.0,0.0,0.0,0.0,0.0,0.0,0.0,0.0,0.0,0.0,0.0,0.0,0.0,0.0,0.0,0.0,0.0
157,142,156,141,155,140,156,143,157,143,158,142,162,148,157,92,125,99,124,98,132,105,128,99,133,60,29,62,97,61,116,72,87,159,57,160,280,http://data.odeuropa.eu/vocabulary/olfactory-objects/513,Wolf,87.0,27.0,0.0,0.0,0.0,0.0,0.0,0.0,0.0,0.0,0.0,0.0,0.0,0.0,0.0,0.0,0.0,0.0,0.0,0.0,0.0,0.0,0.0,0.0,0.0,0.0,0.0,0.0,0.0,0.0,0.0,0.0,0.0,0.0,0.0,0.0,0.0,0.0,0.0
153,138,157,142,156,141,146,153,139,154,140,163,148,151,153,155,169,152,166,148,164,153,170,152,171,160,182,175,191,142,181,163,192,34,126,270,30,http://data.odeuropa.eu/vocabulary/olfactory-objects/249,Peat,87.0,33.0,0.0,0.0,0.0,0.0,0.0,0.0,0.0,0.0,0.0,0.0,0.0,0.0,0.0,0.0,0.0,0.0,0.0,0.0,0.0,0.0,0.0,0.0,0.0,0.0,0.0,0.0,0.0,0.0,0.0,0.0,0.0,0.0,0.0,0.0,0.0,0.0,0.0
154,139,153,138,157,142,147,146,148,147,149,147,163,149,156,152,167,149,163,130,103,127,99,131,105,140,109,147,77,28,91,38,107,17,210,8,250,http://data.odeuropa.eu/vocabulary/olfactory-objects/1,Aromatic amulet,87.0,35.0,0.0,0.0,0.0,0.0,0.0,0.0,0.0,0.0,0.0,0.0,0.0,0.0,0.0,0.0,0.0,0.0,0.0,0.0,0.0,0.0,0.0,0.0,0.0,0.0,0.0,0.0,0.0,0.0,0.0,0.0,0.0,0.0,0.0,0.0,0.0,1.0,0.0
155,140,154,139,153,138,152,139,152,137,151,115,111,113,116,115,97,122,84,41,86,41,88,43,90,44,93,45,108,47,132,56,181,26,226,31,272,http://data.odeuropa.eu/vocabulary/olfactory-objects/442,Cherry,87.0,220.0,0.0,0.0,0.0,0.0,0.0,0.0,0.0,0.0,0.0,0.0,0.0,0.0,0.0,0.0,0.0,0.0,0.0,0.0,0.0,0.0,0.0,0.0,0.0,0.0,0.0,0.0,0.0,0.0,0.0,0.0,0.0,0.0,0.0,0.0,0.0,0.0,0.0
156,141,155,140,154,139,155,142,156,142,157,141,156,141,164,149,165,145,159,158,161,163,159,177,160,177,125,160,133,170,141,172,201,41,154,286,152,http://data.odeuropa.eu/vocabulary/olfactory-objects/508,Camel,87.0,36.0,0.0,0.0,0.0,0.0,0.0,0.0,0.0,0.0,0.0,0.0,0.0,0.0,0.0,0.0,0.0,0.0,0.0,0.0,0.0,0.0,0.0,0.0,0.0,0.0,0.0,0.0,0.0,0.0,0.0,0.0,0.0,0.0,0.0,0.0,0.0,0.0,0.0
145,152,134,148,143,145,143,147,153,138,152,128,103,128,96,122,93,128,102,134,107,133,107,128,112,144,113,141,143,180,151,194,163,88,236,79,224,http://data.odeuropa.eu/vocabulary/olfactory-objects/286,Plum,87.0,196.0,0.0,0.0,0.0,0.0,0.0,0.0,0.0,0.0,0.0,0.0,0.0,0.0,0.0,0.0,0.0,0.0,0.0,0.0,0.0,0.0,0.0,0.0,0.0,0.0,0.0,0.0,0.0,0.0,0.0,0.0,0.0,0.0,0.0,0.0,0.0,0.0,0.0
146,144,146,144,146,144,153,135,154,136,150,140,155,139,152,166,150,164,150,171,156,173,156,178,162,180,173,184,176,186,155,199,168,76,293,81,222,http://data.odeuropa.eu/vocabulary/olfactory-objects/21,Bread,87.0,270.0,0.0,0.0,0.0,0.0,0.0,0.0,0.0,0.0,0.0,0.0,0.0,0.0,0.0,0.0,0.0,0.0,0.0,0.0,0.0,0.0,0.0,0.0,0.0,0.0,0.0,0.0,0.0,0.0,0.0,0.0,0.0,0.0,0.0,0.0,0.0,0.0,0.0
152,134,148,143,145,152,136,150,136,150,141,158,143,159,142,168,152,167,147,162,153,175,158,176,107,134,96,38,90,39,104,25,103,150,106,357,126,http://data.odeuropa.eu/vocabulary/olfactory-objects/550,Reseda,87.0,47.0,0.0,0.0,0.0,0.0,0.0,0.0,0.0,0.0,0.0,0.0,0.0,0.0,0.0,0.0,0.0,0.0,0.0,0.0,0.0,0.0,0.0,0.0,0.0,0.0,0.0,0.0,0.0,0.0,0.0,0.0,0.0,0.0,0.0,0.0,0.0,0.0,0.0
144,146,144,146,144,146,145,148,146,149,147,149,151,150,154,153,168,150,167,150,166,147,166,164,183,169,185,172,189,147,187,154,99,154,3,221,80,http://data.odeuropa.eu/vocabulary/olfactory-objects/238,Filth,87.0,69.0,0.0,0.0,0.0,0.0,0.0,0.0,0.0,0.0,0.0,0.0,0.0,0.0,0.0,0.0,0.0,0.0,0.0,0.0,0.0,0.0,0.0,0.0,0.0,0.0,0.0,0.0,0.0,0.0,0.0,0.0,0.0,0.0,0.0,0.0,0.0,0.0,0.0
137,151,136,150,135,149,141,156,142,157,143,160,145,162,146,164,145,159,146,161,160,162,164,166,161,178,124,158,115,159,127,60,189,42,156,284,154,http://data.odeuropa.eu/vocabulary/olfactory-objects/193,Sheep,87.0,443.0,0.0,0.0,0.0,0.0,0.0,0.0,0.0,0.0,0.0,0.0,0.0,0.0,0.0,0.0,0.0,0.0,0.0,0.0,0.0,0.0,0.0,0.0,0.0,0.0,0.0,0.0,0.0,0.0,0.0,0.0,0.0,0.0,0.0,0.0,0.0,0.0,0.0
143,145,152,134,148,143,148,140,159,145,161,145,160,146,159,143,163,144,164,141,114,141,118,144,118,149,120,153,119,162,71,120,11,110,258,139,324,http://data.odeuropa.eu/vocabulary/olfactory-objects/47,Coal,87.0,69.0,0.0,0.0,0.0,0.0,0.0,0.0,0.0,0.0,0.0,0.0,0.0,0.0,0.0,0.0,0.0,0.0,0.0,0.0,0.0,0.0,0.0,0.0,0.0,0.0,0.0,0.0,0.0,0.0,0.0,0.0,0.0,0.0,0.0,0.0,0.0,0.0,0.0
133,147,137,151,136,150,138,152,138,152,138,154,139,155,110,139,106,133,112,142,115,142,117,143,117,148,119,168,131,168,139,174,104,14,205,13,245,http://data.odeuropa.eu/vocabulary/olfactory-objects/555,Being,87.0,44.0,0.0,0.0,0.0,0.0,0.0,0.0,0.0,0.0,0.0,0.0,0.0,0.0,0.0,0.0,0.0,0.0,0.0,0.0,0.0,0.0,0.0,0.0,0.0,0.0,0.0,0.0,0.0,0.0,0.0,0.0,0.0,0.0,0.0,0.0,0.0,0.0,0.0
135,149,133,147,137,151,137,151,137,151,137,151,149,152,155,147,161,103,131,106,125,12,70,14,75,11,69,22,80,24,100,29,94,10,201,17,241,http://data.odeuropa.eu/vocabulary/olfactory-objects/499,Monkey,87.0,50.0,0.0,0.0,0.0,0.0,0.0,0.0,0.0,0.0,0.0,0.0,0.0,0.0,0.0,0.0,0.0,0.0,0.0,0.0,0.0,0.0,0.0,0.0,0.0,0.0,0.0,0.0,0.0,0.0,0.0,0.0,0.0,0.0,0.0,0.0,0.0,0.0,0.0
136,150,135,149,133,147,144,159,145,148,153,137,157,142,163,148,162,143,158,157,174,159,178,163,182,168,184,173,188,148,191,158,97,156,5,219,82,http://data.odeuropa.eu/vocabulary/olfactory-objects/232,Laurel,87.0,71.0,0.0,0.0,0.0,0.0,0.0,0.0,0.0,0.0,0.0,0.0,0.0,0.0,0.0,0.0,0.0,0.0,0.0,0.0,0.0,0.0,0.0,0.0,0.0,0.0,0.0,0.0,0.0,0.0,0.0,0.0,0.0,0.0,0.0,0.0,0.0,0.0,0.0
134,148,143,145,152,134,151,138,151,146,148,153,137,158,141,169,153,168,145,160,158,176,160,181,159,176,167,189,122,153,157,198,130,200,304,109,331,http://data.odeuropa.eu/vocabulary/olfactory-objects/14,Beaver,87.0,11.0,0.0,0.0,0.0,0.0,0.0,0.0,0.0,0.0,0.0,0.0,0.0,0.0,0.0,0.0,0.0,0.0,0.0,0.0,0.0,0.0,0.0,0.0,0.0,0.0,0.0,0.0,0.0,0.0,0.0,0.0,0.0,0.0,0.0,0.0,0.0,0.0,0.0
138,157,142,156,141,155,140,155,141,156,142,159,144,161,145,165,149,166,148,163,147,164,162,180,164,184,169,179,183,193,148,201,106,16,183,74,229,http://data.odeuropa.eu/vocabulary/olfactory-objects/440,Tulip,87.0,255.0,0.0,0.0,0.0,0.0,0.0,0.0,0.0,0.0,0.0,0.0,0.0,0.0,0.0,0.0,0.0,0.0,0.0,0.0,0.0,0.0,0.0,0.0,0.0,0.0,0.0,0.0,0.0,0.0,0.0,0.0,0.0,0.0,0.0,0.0,0.0,0.0,0.0
139,153,138,157,142,156,134,154,135,155,136,150,154,138,165,150,164,146,160,149,165,160,163,165,168,185,170,188,116,165,136,178,147,47,164,54,203,http://data.odeuropa.eu/vocabulary/olfactory-objects/412,Bottle,87.0,55.0,0.0,0.0,0.0,0.0,0.0,0.0,0.0,0.0,0.0,0.0,0.0,0.0,0.0,0.0,0.0,0.0,0.0,0.0,0.0,0.0,0.0,0.0,0.0,0.0,0.0,0.0,0.0,0.0,0.0,0.0,0.0,0.0,0.0,0.0,0.0,0.0,0.0
140,154,139,153,138,160,176,162,180,140,160,144,159,144,161,146,160,154,169,152,173,157,175,159,178,161,177,180,194,195,195,202,202,308,83,318,166,http://data.odeuropa.eu/vocabulary/olfactory-objects/25,Candle,87.0,338.0,0.0,0.0,0.0,0.0,0.0,0.0,0.0,0.0,0.0,0.0,0.0,0.0,0.0,0.0,0.0,0.0,0.0,0.0,0.0,0.0,0.0,0.0,0.0,0.0,0.0,0.0,0.0,0.0,0.0,0.0,0.0,0.0,0.0,0.0,0.0,0.0,0.0
141,155,140,154,139,153,135,149,140,159,145,148,150,154,144,154,170,153,168,151,167,148,171,153,172,164,183,155,121,160,21,110,63,134,47,170,316,http://data.odeuropa.eu/vocabulary/olfactory-objects/433,Asphalt,87.0,20.0,0.0,0.0,0.0,0.0,0.0,0.0,0.0,0.0,0.0,0.0,0.0,0.0,0.0,0.0,0.0,0.0,0.0,0.0,0.0,0.0,0.0,0.0,0.0,0.0,0.0,0.0,0.0,0.0,0.0,0.0,0.0,0.0,0.0,0.0,0.0,0.0,0.0
142,156,141,155,140,154,139,158,144,160,146,162,147,164,148,161,144,158,157,168,150,166,161,179,163,187,172,185,138,175,80,35,102,13,204,14,242,http://data.odeuropa.eu/vocabulary/olfactory-objects/449,Drinking glass,87.0,45.0,0.0,0.0,0.0,0.0,0.0,0.0,0.0,0.0,0.0,0.0,0.0,0.0,0.0,0.0,0.0,0.0,0.0,0.0,0.0,0.0,0.0,0.0,0.0,0.0,0.0,0.0,0.0,0.0,0.0,0.0,0.0,0.0,0.0,0.0,0.0,0.0,0.0
167,170,164,171,162,174,165,175,164,177,165,179,167,182,168,176,179,178,180,177,187,149,165,160,179,165,178,174,187,150,190,157,186,130,24,245,10,http://data.odeuropa.eu/vocabulary/olfactory-objects/323,Cumin,81.0,20.0,0.0,0.0,0.0,0.0,0.0,0.0,0.0,0.0,0.0,0.0,0.0,0.0,0.0,0.0,0.0,0.0,0.0,0.0,0.0,0.0,0.0,0.0,0.0,0.0,0.0,0.0,0.0,0.0,0.0,0.0,0.0,0.0,0.0,0.0,0.0,0.0,0.0
176,158,167,170,163,173,168,172,167,174,168,176,170,179,171,180,174,183,175,186,177,187,181,187,190,172,189,159,127,154,134,176,85,7,194,63,194,http://data.odeuropa.eu/vocabulary/olfactory-objects/245,Wet earth,81.0,48.0,0.0,0.0,0.0,0.0,0.0,0.0,0.0,0.0,0.0,0.0,0.0,0.0,0.0,0.0,0.0,0.0,0.0,0.0,0.0,0.0,0.0,0.0,0.0,0.0,0.0,0.0,0.0,0.0,0.0,0.0,0.0,0.0,0.0,0.0,0.0,0.0,0.0
175,159,176,158,168,167,173,165,176,164,180,157,138,153,98,119,25,52,27,73,7,73,9,74,12,76,13,79,21,91,28,100,43,155,61,177,309,http://data.odeuropa.eu/vocabulary/olfactory-objects/390,Musk seed,81.0,19.0,0.0,0.0,0.0,0.0,0.0,0.0,0.0,0.0,0.0,0.0,0.0,0.0,0.0,0.0,0.0,0.0,0.0,0.0,0.0,0.0,0.0,0.0,0.0,0.0,0.0,0.0,0.0,0.0,0.0,0.0,0.0,0.0,0.0,0.0,0.0,0.0,0.0
174,160,175,159,177,166,125,100,126,101,126,102,128,102,130,109,140,107,133,102,128,100,133,105,130,129,166,120,159,124,169,102,46,163,54,163,300,http://data.odeuropa.eu/vocabulary/olfactory-objects/300,Potato,81.0,17.0,0.0,0.0,0.0,0.0,0.0,0.0,0.0,0.0,0.0,0.0,0.0,0.0,0.0,0.0,0.0,0.0,0.0,0.0,0.0,0.0,0.0,0.0,0.0,0.0,0.0,0.0,0.0,0.0,0.0,0.0,0.0,0.0,0.0,0.0,0.0,0.0,0.0
173,161,174,160,176,157,177,161,181,169,175,168,181,166,181,162,146,160,154,170,155,172,155,173,152,123,158,131,165,140,179,143,73,30,116,325,136,http://data.odeuropa.eu/vocabulary/olfactory-objects/62,Essential oil,81.0,22.0,0.0,0.0,0.0,0.0,0.0,0.0,0.0,0.0,0.0,0.0,0.0,0.0,0.0,0.0,0.0,0.0,0.0,0.0,0.0,0.0,0.0,0.0,0.0,0.0,0.0,0.0,0.0,0.0,0.0,0.0,0.0,0.0,0.0,0.0,0.0,0.0,0.0
172,162,173,161,175,158,172,166,175,165,179,164,175,174,176,174,181,174,183,176,188,156,173,155,170,162,179,178,185,130,175,130,61,136,28,239,16,http://data.odeuropa.eu/vocabulary/olfactory-objects/318,Mustard,81.0,35.0,0.0,0.0,0.0,0.0,0.0,0.0,0.0,0.0,0.0,0.0,0.0,0.0,0.0,0.0,0.0,0.0,0.0,0.0,0.0,0.0,0.0,0.0,0.0,0.0,0.0,0.0,0.0,0.0,0.0,0.0,0.0,0.0,0.0,0.0,0.0,0.0,0.0
171,163,172,162,174,159,174,164,177,163,181,152,142,165,149,159,142,157,170,153,169,151,168,112,153,119,154,119,149,132,162,196,111,171,69,187,185,http://data.odeuropa.eu/vocabulary/olfactory-objects/108,Odor of sanctity,81.0,197.0,0.0,0.0,0.0,0.0,0.0,0.0,0.0,0.0,0.0,0.0,0.0,0.0,0.0,0.0,0.0,0.0,0.0,0.0,0.0,0.0,0.0,0.0,0.0,0.0,0.0,0.0,0.0,0.0,0.0,0.0,0.0,0.0,0.0,0.0,0.0,0.0,0.0
169,165,169,165,171,163,179,136,149,139,154,146,161,147,158,142,157,156,172,155,171,154,176,161,180,166,133,169,130,178,149,184,120,244,155,285,153,http://data.odeuropa.eu/vocabulary/olfactory-objects/266,Idoform,81.0,31.0,0.0,0.0,0.0,0.0,0.0,0.0,0.0,0.0,0.0,0.0,0.0,0.0,0.0,0.0,0.0,0.0,0.0,0.0,0.0,0.0,0.0,0.0,0.0,0.0,0.0,0.0,0.0,0.0,0.0,0.0,0.0,0.0,0.0,0.0,0.0,0.0,0.0
168,166,168,166,169,165,164,176,163,178,164,180,166,175,177,175,180,177,186,167,152,169,150,169,115,145,114,143,141,149,156,165,194,37,145,295,143,http://data.odeuropa.eu/vocabulary/olfactory-objects/82,Garland,81.0,44.0,0.0,0.0,0.0,0.0,0.0,0.0,0.0,0.0,0.0,0.0,0.0,0.0,0.0,0.0,0.0,0.0,0.0,0.0,0.0,0.0,0.0,0.0,0.0,0.0,0.0,0.0,0.0,0.0,0.0,0.0,0.0,0.0,0.0,0.0,0.0,0.0,0.0
170,164,171,163,173,161,170,169,172,168,176,167,182,160,143,167,151,165,149,164,148,170,151,174,156,179,143,102,49,113,58,137,78,35,138,280,158,http://data.odeuropa.eu/vocabulary/olfactory-objects/199,Lake,81.0,40.0,0.0,0.0,0.0,0.0,0.0,0.0,0.0,0.0,0.0,0.0,0.0,0.0,0.0,0.0,0.0,0.0,0.0,0.0,0.0,0.0,0.0,0.0,0.0,0.0,0.0,0.0,0.0,0.0,0.0,0.0,0.0,0.0,0.0,0.0,0.0,0.0,0.0
166,168,166,168,167,170,160,170,171,170,174,169,180,167,178,172,183,172,184,175,189,167,144,117,146,127,163,123,144,181,78,98,42,153,60,176,310,http://data.odeuropa.eu/vocabulary/olfactory-objects/539,Person,81.0,64.0,0.0,0.0,0.0,0.0,0.0,0.0,0.0,0.0,0.0,0.0,0.0,0.0,0.0,0.0,0.0,0.0,0.0,0.0,0.0,0.0,0.0,0.0,0.0,0.0,0.0,0.0,0.0,0.0,0.0,0.0,0.0,1.0,0.0,0.0,0.0,0.0,0.0
165,169,165,169,164,172,167,173,166,175,167,177,169,180,170,181,173,184,174,181,178,189,174,146,120,151,131,165,134,171,119,69,148,48,166,52,205,http://data.odeuropa.eu/vocabulary/olfactory-objects/77,Waste,81.0,46.0,0.0,0.0,0.0,0.0,0.0,0.0,0.0,0.0,0.0,0.0,0.0,0.0,0.0,0.0,0.0,0.0,0.0,0.0,0.0,0.0,0.0,0.0,0.0,0.0,0.0,0.0,0.0,0.0,0.0,0.0,0.0,0.0,0.0,0.0,0.0,0.0,0.0
164,171,163,172,161,175,166,174,165,176,166,178,168,181,169,183,171,179,181,180,183,182,188,184,193,194,194,194,177,187,186,152,135,194,298,115,325,http://data.odeuropa.eu/vocabulary/olfactory-objects/276,Rubber,81.0,66.0,0.0,0.0,0.0,0.0,0.0,0.0,0.0,0.0,0.0,0.0,0.0,0.0,0.0,0.0,0.0,0.0,0.0,0.0,0.0,0.0,0.0,0.0,0.0,0.0,0.0,0.0,0.0,0.0,0.0,0.0,0.0,0.0,0.0,0.0,0.0,0.0,0.0
163,172,162,173,160,176,158,145,147,153,139,155,140,156,121,93,124,96,127,101,124,120,146,115,144,115,150,115,152,93,26,103,51,170,14,207,47,http://data.odeuropa.eu/vocabulary/olfactory-objects/171,Jonquil,81.0,31.0,0.0,0.0,0.0,0.0,0.0,0.0,0.0,0.0,0.0,0.0,0.0,0.0,0.0,0.0,0.0,0.0,0.0,0.0,0.0,0.0,0.0,0.0,0.0,0.0,0.0,0.0,0.0,0.0,0.0,0.0,0.0,0.0,0.0,0.0,0.0,0.0,0.0
162,173,161,174,159,177,162,178,161,180,162,181,165,184,173,178,177,180,177,184,179,186,182,193,169,173,176,181,180,191,140,183,121,243,105,359,125,http://data.odeuropa.eu/vocabulary/olfactory-objects/18,Bouquet,81.0,36.0,0.0,0.0,0.0,0.0,0.0,0.0,0.0,0.0,0.0,0.0,0.0,0.0,0.0,0.0,0.0,0.0,0.0,0.0,0.0,0.0,0.0,0.0,0.0,0.0,0.0,0.0,0.0,0.0,0.0,0.0,0.0,0.0,0.0,0.0,0.0,0.0,0.0
161,174,160,175,158,168,163,177,162,179,163,182,164,183,167,182,172,185,173,187,176,188,180,157,181,167,175,182,179,192,145,168,197,114,263,150,290,http://data.odeuropa.eu/vocabulary/olfactory-objects/301,Asparagus,81.0,54.0,0.0,0.0,0.0,0.0,0.0,0.0,0.0,0.0,0.0,0.0,0.0,0.0,0.0,0.0,0.0,0.0,0.0,0.0,0.0,0.0,0.0,0.0,0.0,0.0,0.0,0.0,0.0,0.0,0.0,0.0,0.0,0.0,0.0,0.0,0.0,0.0,0.0
160,175,159,176,166,169,161,179,160,181,135,156,141,157,150,158,148,162,152,173,159,177,154,172,151,121,156,133,167,134,160,193,112,172,108,355,129,http://data.odeuropa.eu/vocabulary/olfactory-objects/188,Pig,81.0,133.0,0.0,0.0,0.0,0.0,0.0,0.0,0.0,0.0,0.0,0.0,0.0,0.0,0.0,0.0,0.0,0.0,0.0,0.0,0.0,0.0,0.0,0.0,0.0,0.0,0.0,0.0,0.0,0.0,0.0,0.0,0.0,0.0,0.0,0.0,0.0,0.0,0.0
159,176,158,167,170,164,171,167,174,166,178,165,184,172,183,156,155,170,141,118,122,121,148,113,141,111,139,44,109,46,120,67,172,45,161,57,200,http://data.odeuropa.eu/vocabulary/olfactory-objects/285,Peach,81.0,322.0,0.0,0.0,0.0,0.0,0.0,0.0,0.0,0.0,0.0,0.0,0.0,0.0,0.0,0.0,0.0,0.0,0.0,0.0,0.0,0.0,0.0,0.0,0.0,0.0,0.0,0.0,0.0,0.0,0.0,0.0,0.0,0.0,0.0,0.0,0.0,0.0,0.0
158,167,170,164,172,162,178,160,170,171,172,172,177,170,151,157,156,169,144,165,149,165,152,170,142,113,137,135,170,137,182,148,138,176,111,352,132,http://data.odeuropa.eu/vocabulary/olfactory-objects/391,Cornflower,81.0,211.0,0.0,0.0,0.0,0.0,0.0,0.0,0.0,0.0,0.0,0.0,0.0,0.0,0.0,0.0,0.0,0.0,0.0,0.0,0.0,0.0,0.0,0.0,0.0,0.0,0.0,0.0,0.0,0.0,0.0,0.0,0.0,0.0,0.0,0.0,0.0,0.0,0.0
185,177,185,177,182,181,183,185,184,187,185,188,186,189,185,188,186,186,178,183,180,185,184,190,187,191,191,191,182,185,193,160,96,9,200,18,240,http://data.odeuropa.eu/vocabulary/olfactory-objects/207,Castoreum,75.0,121.0,0.0,0.0,0.0,0.0,0.0,0.0,0.0,0.0,0.0,0.0,0.0,0.0,0.0,0.0,0.0,0.0,0.0,0.0,0.0,0.0,0.0,0.0,0.0,0.0,0.0,0.0,0.0,0.0,0.0,0.0,0.0,0.0,0.0,0.0,0.0,0.0,0.0
184,178,184,178,186,178,187,181,186,185,187,186,188,187,186,190,185,175,156,159,163,161,179,158,177,163,181,176,186,183,153,200,125,218,23,246,9,http://data.odeuropa.eu/vocabulary/olfactory-objects/172,Patchouli,75.0,41.0,0.0,0.0,0.0,0.0,0.0,0.0,0.0,0.0,0.0,0.0,0.0,0.0,0.0,0.0,0.0,0.0,0.0,0.0,0.0,0.0,0.0,0.0,0.0,0.0,0.0,0.0,0.0,0.0,0.0,0.0,0.0,0.0,0.0,0.0,0.0,0.0,0.0
183,179,183,179,185,179,169,171,169,172,170,174,173,176,174,184,154,171,155,172,157,174,157,175,157,174,164,122,145,182,152,187,118,265,130,299,159,http://data.odeuropa.eu/vocabulary/olfactory-objects/311,Cabbage,75.0,59.0,0.0,0.0,0.0,0.0,0.0,0.0,0.0,0.0,0.0,0.0,0.0,0.0,0.0,0.0,0.0,0.0,0.0,0.0,0.0,0.0,0.0,0.0,0.0,0.0,0.0,0.0,0.0,0.0,0.0,0.0,0.0,0.0,0.0,0.0,0.0,0.0,0.0
182,180,182,180,184,180,184,182,188,182,186,184,187,185,189,187,189,190,190,190,190,190,187,186,191,182,144,105,46,116,55,141,74,33,122,279,160,http://data.odeuropa.eu/vocabulary/olfactory-objects/156,Stable,75.0,66.0,0.0,0.0,0.0,0.0,0.0,0.0,0.0,0.0,0.0,0.0,0.0,0.0,0.0,0.0,0.0,0.0,0.0,0.0,0.0,0.0,0.0,0.0,0.0,0.0,0.0,0.0,0.0,0.0,0.0,0.0,0.0,0.0,0.0,0.0,0.0,0.0,0.0
181,181,181,181,183,182,181,187,178,162,182,170,179,168,179,171,184,151,165,147,168,150,167,156,174,147,117,142,129,166,154,190,115,294,95,306,178,http://data.odeuropa.eu/vocabulary/olfactory-objects/32,Cheese,75.0,250.0,0.0,0.0,0.0,0.0,0.0,0.0,0.0,0.0,0.0,0.0,0.0,0.0,0.0,0.0,0.0,0.0,0.0,0.0,0.0,0.0,0.0,0.0,0.0,0.0,0.0,0.0,0.0,0.0,0.0,0.0,0.0,0.0,0.0,0.0,0.0,0.0,0.0
180,182,180,182,178,183,185,183,187,184,188,185,189,186,190,185,188,189,189,189,175,183,186,185,192,181,118,151,117,164,135,180,123,231,150,290,148,http://data.odeuropa.eu/vocabulary/olfactory-objects/248,Carbolic acid,75.0,44.0,0.0,0.0,0.0,0.0,0.0,0.0,0.0,0.0,0.0,0.0,0.0,0.0,0.0,0.0,0.0,0.0,0.0,0.0,0.0,0.0,0.0,0.0,0.0,0.0,0.0,0.0,0.0,0.0,0.0,0.0,0.0,0.0,0.0,0.0,0.0,0.0,0.0
179,183,179,183,180,185,175,163,179,161,171,173,176,171,182,160,143,163,151,166,151,168,149,168,158,175,174,183,178,190,172,97,39,149,73,183,303,http://data.odeuropa.eu/vocabulary/olfactory-objects/98,Manure,75.0,64.0,0.0,0.0,0.0,0.0,0.0,0.0,0.0,0.0,0.0,0.0,0.0,0.0,0.0,0.0,0.0,0.0,0.0,0.0,0.0,0.0,0.0,0.0,0.0,0.0,0.0,0.0,0.0,0.0,0.0,0.0,0.0,0.0,0.0,0.0,0.0,0.0,0.0
178,184,178,184,179,186,182,186,182,186,183,187,185,188,187,189,187,187,187,179,184,181,189,182,175,108,138,118,150,59,106,17,45,124,78,247,8,http://data.odeuropa.eu/vocabulary/olfactory-objects/350,Geranium,75.0,156.0,0.0,0.0,0.0,0.0,0.0,0.0,0.0,0.0,0.0,0.0,0.0,0.0,0.0,0.0,0.0,0.0,0.0,0.0,0.0,0.0,0.0,0.0,0.0,0.0,0.0,0.0,0.0,0.0,0.0,0.0,0.0,0.0,0.0,0.0,0.0,0.0,0.0
177,185,177,185,165,171,159,180,168,173,169,175,171,178,172,179,175,182,176,185,162,158,177,162,167,171,187,170,190,145,192,159,188,126,100,252,3,http://data.odeuropa.eu/vocabulary/olfactory-objects/321,Pepper,75.0,63.0,0.0,0.0,0.0,0.0,0.0,0.0,0.0,0.0,0.0,0.0,0.0,0.0,0.0,0.0,0.0,0.0,0.0,0.0,0.0,0.0,0.0,0.0,0.0,0.0,0.0,0.0,0.0,0.0,0.0,0.0,0.0,0.0,0.0,0.0,0.0,0.0,0.0
186,186,186,186,190,190,191,191,191,191,191,191,191,191,191,191,191,188,188,188,185,180,190,167,166,186,171,186,148,131,163,166,195,39,151,289,149,http://data.odeuropa.eu/vocabulary/olfactory-objects/216,Gunpowder,69.0,180.0,0.0,0.0,0.0,0.0,0.0,0.0,0.0,0.0,0.0,0.0,0.0,0.0,0.0,0.0,0.0,0.0,0.0,0.0,0.0,0.0,0.0,0.0,0.0,0.0,0.0,0.0,0.0,0.0,0.0,0.0,0.0,0.0,0.0,0.0,0.0,0.0,0.0
187,187,187,187,192,192,193,193,193,193,193,193,193,193,193,193,193,193,193,193,193,191,191,189,188,190,190,187,171,138,176,131,49,167,52,165,301,http://data.odeuropa.eu/vocabulary/olfactory-objects/247,Ozone,69.0,36.0,0.0,0.0,0.0,0.0,0.0,0.0,0.0,0.0,0.0,0.0,0.0,0.0,0.0,0.0,0.0,0.0,0.0,0.0,0.0,0.0,0.0,0.0,0.0,0.0,0.0,0.0,0.0,0.0,0.0,0.0,0.0,0.0,0.0,0.0,0.0,0.0,0.0
188,188,188,188,191,191,192,192,192,192,192,192,192,192,192,192,192,192,192,192,191,192,192,183,189,170,186,171,181,189,178,139,76,38,146,294,144,http://data.odeuropa.eu/vocabulary/olfactory-objects/243,Sulphuric acid,69.0,46.0,0.0,0.0,0.0,0.0,0.0,0.0,0.0,0.0,0.0,0.0,0.0,0.0,0.0,0.0,0.0,0.0,0.0,0.0,0.0,0.0,0.0,0.0,0.0,0.0,0.0,0.0,0.0,0.0,0.0,0.0,0.0,0.0,0.0,0.0,0.0,0.0,0.0
189,189,189,189,181,184,180,184,183,188,173,171,178,169,180,170,178,176,185,174,182,179,185,188,186,192,192,192,184,188,185,151,136,183,50,166,320,http://data.odeuropa.eu/vocabulary/olfactory-objects/297,Carrot,69.0,97.0,0.0,0.0,0.0,0.0,0.0,0.0,0.0,0.0,0.0,0.0,0.0,0.0,0.0,0.0,0.0,0.0,0.0,0.0,0.0,0.0,0.0,0.0,0.0,0.0,0.0,0.0,0.0,0.0,0.0,0.0,0.0,0.0,0.0,0.0,0.0,0.0,0.0
190,190,190,190,189,189,189,189,189,189,184,189,172,177,175,177,176,181,179,182,181,184,183,192,184,189,188,124,158,123,173,61,190,32,119,302,162,http://data.odeuropa.eu/vocabulary/olfactory-objects/307,Spring onion,69.0,86.0,0.0,0.0,0.0,0.0,0.0,0.0,0.0,0.0,0.0,0.0,0.0,0.0,0.0,0.0,0.0,0.0,0.0,0.0,0.0,0.0,0.0,2.0,0.0,0.0,0.0,0.0,0.0,0.0,0.0,0.0,0.0,0.0,0.0,0.0,0.0,0.0,0.0
191,191,191,191,188,188,188,188,185,183,189,183,174,173,184,173,182,173,182,178,186,178,153,171,165,183,168,190,123,158,24,106,59,139,93,308,176,http://data.odeuropa.eu/vocabulary/olfactory-objects/383,Petroleum,69.0,102.0,0.0,0.0,0.0,0.0,0.0,0.0,0.0,0.0,0.0,0.0,0.0,0.0,0.0,0.0,0.0,0.0,0.0,0.0,0.0,0.0,0.0,0.0,0.0,0.0,0.0,0.0,0.0,0.0,0.0,0.0,0.0,0.0,0.0,0.0,0.0,0.0,0.0
192,192,192,192,187,187,186,168,173,167,177,166,183,145,160,144,158,155,171,154,170,152,169,151,173,112,151,116,147,125,168,105,57,141,91,310,174,http://data.odeuropa.eu/vocabulary/olfactory-objects/76,Fur,69.0,29.0,0.0,0.0,0.0,0.0,0.0,0.0,0.0,0.0,0.0,0.0,0.0,0.0,0.0,0.0,0.0,0.0,0.0,0.0,0.0,0.0,0.0,0.0,0.0,0.0,0.0,0.0,0.0,0.0,0.0,0.0,0.0,0.0,0.0,0.0,0.0,0.0,0.0
193,193,193,193,193,193,190,190,190,190,190,190,190,190,188,186,190,191,191,191,192,194,194,194,194,188,180,177,192,133,161,197,110,174,12,209,68,http://data.odeuropa.eu/vocabulary/olfactory-objects/237,Tuberose,63.0,54.0,0.0,0.0,0.0,0.0,0.0,0.0,0.0,0.0,0.0,0.0,0.0,1.0,0.0,0.0,0.0,0.0,0.0,0.0,0.0,0.0,0.0,0.0,0.0,0.0,0.0,0.0,0.0,0.0,0.0,0.0,0.0,0.0,0.0,0.0,0.0,0.0,0.0
194,194,194,194,194,194,194,194,194,194,194,194,194,194,194,194,194,194,194,194,194,193,193,191,185,193,193,193,193,127,167,107,60,137,29,238,17,http://data.odeuropa.eu/vocabulary/olfactory-objects/424,Ammonia,57.0,118.0,0.0,0.0,0.0,0.0,0.0,0.0,0.0,0.0,0.0,0.0,0.0,0.0,0.0,0.0,0.0,0.0,0.0,0.0,0.0,0.0,0.0,0.0,0.0,0.0,0.0,0.0,0.0,0.0,0.0,0.0,0.0,0.0,0.0,0.0,0.0,0.0,0.0
